festival_name,alternate_names,category,season_month,date_range,states_regions,cities_markets,cultural_significance,rituals,customer_behavior,demand_level,peak_period,product_categories,service_categories,merchant_type,customer_segment,payment_behavior,offers,payment_incentives,marketing_opportunity,inventory_needs,staffing_needs,logistics_needs,business_risks,merchant_scenario,recommended_action,confidence,reason
Diwali,Deepavali; Festival of Lights,Major Hindu festival,Autumn / October-November,5-day festival period; dates vary annually,"Pan-India; especially North, West, Central India",Delhi,"Festival of lights associated with prosperity, Lakshmi worship, family gatherings and gifting",Diyas; Lakshmi puja; rangoli; family visits; gifting,Gift-oriented and convenience-driven purchases increase,Very High,Early planning window; 10-15 days before festival,sweets: mithai and gift boxes,home cleaning,grocery store,budget-conscious shoppers,High UPI usage for small and medium tickets; cash remains relevant for local purchases,Loyalty points or wallet cashback on repeat purchases,Free add-on for orders paid digitally,Geo-target Delhi customers with festival-specific messaging for mithai and gift boxes; start before the peak window.,Prioritize mithai and gift boxes; maintain safety stock and faster replenishment during peak days.,Add 1-2 sales/counter staff during peak hours,Pre-book local delivery slots and optimize routes,Demand spikes causing queueing and delivery delays,Synthetic/example scenario: A grocery store in Delhi sees rising mithai and gift boxes demand from budget-conscious shoppers customers.,Create a festival bundle around mithai and gift boxes with a digital-payment incentive,0.92,"Synthetic example: Diwali demand in Delhi typically concentrates around early planning window; 10-15 days before festival, with high upi usage for small and medium tickets; cash remains relevant for local purchases; mithai and gift boxes is relevant to the selected merchant segment."
Diwali,Deepavali; Festival of Lights,Major Hindu festival,Autumn / October-November,5-day festival period; dates vary annually,"Pan-India; especially North, West, Central India",Jaipur,"Festival of lights associated with prosperity, Lakshmi worship, family gatherings and gifting",Diyas; Lakshmi puja; rangoli; family visits; gifting,Peak-hour walk-ins and quick digital orders increase,Very High,7-10 days before Diwali through Diwali day,"grocery: dry fruits, sweets and festive groceries",courier/logistics,sweet shop,families,Mixed cash and UPI; customers use QR payments at neighbourhood merchants,Festival bundle discount with minimum order value,Small instant discount for digital payment,"Geo-target Jaipur customers with festival-specific messaging for dry fruits, sweets and festive groceries; start before the peak window.","Prioritize dry fruits, sweets and festive groceries; maintain safety stock and faster replenishment during peak days.","Cross-train staff for billing, packing and customer support",Increase last-mile capacity and packing material,Demand spikes causing queueing and delivery delays,"Synthetic/example scenario: A sweet shop in Jaipur sees rising dry fruits, sweets and festive groceries demand from families customers.",Offer a minimum-order free-delivery threshold and track hourly demand,0.86,"Synthetic example: Diwali demand in Jaipur typically concentrates around 7-10 days before diwali through diwali day, with upi dominates quick purchases; cards used for higher-value orders; dry fruits, sweets and festive groceries is relevant to the selected merchant segment."
Diwali,Deepavali; Festival of Lights,Major Hindu festival,Autumn / October-November,5-day festival period; dates vary annually,"Pan-India; especially North, West, Central India",Mumbai,"Festival of lights associated with prosperity, Lakshmi worship, family gatherings and gifting",Diyas; Lakshmi puja; rangoli; family visits; gifting,Advance purchases rise before the main ritual day,Very High,7-10 days before Diwali through Diwali day,"electronics: smartphones, TVs and small appliances",decor installation,restaurant,premium shoppers,Mixed cash and UPI; customers use QR payments at neighbourhood merchants,Loyalty points or wallet cashback on repeat purchases,Higher loyalty points for UPI transactions,"Geo-target Mumbai customers with festival-specific messaging for smartphones, TVs and small appliances; start before the peak window.","Prioritize smartphones, TVs and small appliances; maintain safety stock and faster replenishment during peak days.",Add 1-2 sales/counter staff during peak hours,Coordinate supplier replenishment before peak days,Stockouts on fast-moving SKUs and late replenishment,"Synthetic/example scenario: A restaurant in Mumbai sees rising smartphones, TVs and small appliances demand from premium shoppers customers.","Increase smartphones, TVs and small appliances inventory by 20-35% and set a daily reorder threshold",0.85,"Synthetic example: Diwali demand in Mumbai typically concentrates around 7-10 days before diwali through diwali day, with mixed cash and upi; customers use qr payments at neighbourhood merchants; smartphones, TVs and small appliances is relevant to the selected merchant segment."
Diwali,Deepavali; Festival of Lights,Major Hindu festival,Autumn / October-November,5-day festival period; dates vary annually,"Pan-India; especially North, West, Central India",Lucknow,"Festival of lights associated with prosperity, Lakshmi worship, family gatherings and gifting",Diyas; Lakshmi puja; rangoli; family visits; gifting,Gift-oriented and convenience-driven purchases increase,Very High,7-10 days before Diwali through Diwali day,jewellery: gold and festive jewellery,gift delivery,neighbourhood retailer,office-goers,Mixed cash and UPI; customers use QR payments at neighbourhood merchants,Loyalty points or wallet cashback on repeat purchases,Small instant discount for digital payment,Geo-target Lucknow customers with festival-specific messaging for gold and festive jewellery; start before the peak window.,Prioritize gold and festive jewellery; maintain safety stock and faster replenishment during peak days.,"Cross-train staff for billing, packing and customer support",Pre-book local delivery slots and optimize routes,Cash-handling and reconciliation issues during peak hours,Synthetic/example scenario: A neighbourhood retailer in Lucknow sees rising gold and festive jewellery demand from office-goers customers.,Add temporary staff for peak hours and pre-book delivery capacity,0.94,"Synthetic example: Diwali demand in Lucknow typically concentrates around 7-10 days before diwali through diwali day, with digital payments increase during peak hours; contactless/card usage for premium purchases; gold and festive jewellery is relevant to the selected merchant segment."
Diwali,Deepavali; Festival of Lights,Major Hindu festival,Autumn / October-November,5-day festival period; dates vary annually,"Pan-India; especially North, West, Central India",Indore,"Festival of lights associated with prosperity, Lakshmi worship, family gatherings and gifting",Diyas; Lakshmi puja; rangoli; family visits; gifting,Peak-hour walk-ins and quick digital orders increase,Very High,7-10 days before Diwali through Diwali day,"grocery: dry fruits, sweets and festive groceries",gift delivery,sweet shop,budget-conscious shoppers,Mixed cash and UPI; customers use QR payments at neighbourhood merchants,5-10% category discount during peak week,Higher loyalty points for UPI transactions,"Geo-target Indore customers with festival-specific messaging for dry fruits, sweets and festive groceries; start before the peak window.","Prioritize dry fruits, sweets and festive groceries; maintain safety stock and faster replenishment during peak days.",Add packing and delivery staff for peak order windows,Pre-book local delivery slots and optimize routes,Demand spikes causing queueing and delivery delays,"Synthetic/example scenario: A sweet shop in Indore sees rising dry fruits, sweets and festive groceries demand from budget-conscious shoppers customers.","Increase dry fruits, sweets and festive groceries inventory by 20-35% and set a daily reorder threshold",0.85,"Synthetic example: Diwali demand in Indore typically concentrates around 7-10 days before diwali through diwali day, with high upi usage for small and medium tickets; cash remains relevant for local purchases; dry fruits, sweets and festive groceries is relevant to the selected merchant segment."
Diwali,Deepavali; Festival of Lights,Major Hindu festival,Autumn / October-November,5-day festival period; dates vary annually,"Pan-India; especially North, West, Central India",Mumbai,"Festival of lights associated with prosperity, Lakshmi worship, family gatherings and gifting",Diyas; Lakshmi puja; rangoli; family visits; gifting,Advance purchases rise before the main ritual day,Very High,7-10 days before Diwali through Diwali day,sweets: mithai and gift boxes,courier/logistics,neighbourhood retailer,migrant households,UPI dominates quick purchases; cards used for higher-value orders,Buy-more-save-more on festive essentials,UPI cashback or merchant-funded QR incentive,Geo-target Mumbai customers with festival-specific messaging for mithai and gift boxes; start before the peak window.,Prioritize mithai and gift boxes; maintain safety stock and faster replenishment during peak days.,Add 1-2 sales/counter staff during peak hours,Pre-book local delivery slots and optimize routes,Demand spikes causing queueing and delivery delays,Synthetic/example scenario: A neighbourhood retailer in Mumbai sees rising mithai and gift boxes demand from migrant households customers.,Create a festival bundle around mithai and gift boxes with a digital-payment incentive,0.87,"Synthetic example: Diwali demand in Mumbai typically concentrates around 7-10 days before diwali through diwali day, with upi dominates quick purchases; cards used for higher-value orders; mithai and gift boxes is relevant to the selected merchant segment."
Diwali,Deepavali; Festival of Lights,Major Hindu festival,Autumn / October-November,5-day festival period; dates vary annually,"Pan-India; especially North, West, Central India",Ahmedabad,"Festival of lights associated with prosperity, Lakshmi worship, family gatherings and gifting",Diyas; Lakshmi puja; rangoli; family visits; gifting,Peak-hour walk-ins and quick digital orders increase,Very High,7-10 days before Diwali through Diwali day,"electronics: smartphones, TVs and small appliances",home cleaning,fashion retailer,young adults,Digital payments increase during peak hours; contactless/card usage for premium purchases,Free delivery above a threshold,Small instant discount for digital payment,"Geo-target Ahmedabad customers with festival-specific messaging for smartphones, TVs and small appliances; start before the peak window.","Prioritize smartphones, TVs and small appliances; maintain safety stock and faster replenishment during peak days.",Add packing and delivery staff for peak order windows,Pre-book local delivery slots and optimize routes,Cash-handling and reconciliation issues during peak hours,"Synthetic/example scenario: A fashion retailer in Ahmedabad sees rising smartphones, TVs and small appliances demand from young adults customers.",Add temporary staff for peak hours and pre-book delivery capacity,0.82,"Synthetic example: Diwali demand in Ahmedabad typically concentrates around 7-10 days before diwali through diwali day, with mixed cash and upi; customers use qr payments at neighbourhood merchants; smartphones, TVs and small appliances is relevant to the selected merchant segment."
Diwali,Deepavali; Festival of Lights,Major Hindu festival,Autumn / October-November,5-day festival period; dates vary annually,"Pan-India; especially North, West, Central India",Indore,"Festival of lights associated with prosperity, Lakshmi worship, family gatherings and gifting",Diyas; Lakshmi puja; rangoli; family visits; gifting,Customers compare prices and respond to bundles,Very High,7-10 days before Diwali through Diwali day,fashion: ethnic wear and family apparel,courier/logistics,home-services provider,budget-conscious shoppers,UPI dominates quick purchases; cards used for higher-value orders,Loyalty points or wallet cashback on repeat purchases,Free add-on for orders paid digitally,Geo-target Indore customers with festival-specific messaging for ethnic wear and family apparel; start before the peak window.,Prioritize ethnic wear and family apparel; maintain safety stock and faster replenishment during peak days.,Add 1-2 sales/counter staff during peak hours,Pre-book local delivery slots and optimize routes,Price competition and promotion margin pressure,Synthetic/example scenario: A home-services provider in Indore sees rising ethnic wear and family apparel demand from budget-conscious shoppers customers.,Offer a minimum-order free-delivery threshold and track hourly demand,0.86,"Synthetic example: Diwali demand in Indore typically concentrates around 7-10 days before diwali through diwali day, with digital payments increase during peak hours; contactless/card usage for premium purchases; ethnic wear and family apparel is relevant to the selected merchant segment."
Diwali,Deepavali; Festival of Lights,Major Hindu festival,Autumn / October-November,5-day festival period; dates vary annually,"Pan-India; especially North, West, Central India",Jaipur,"Festival of lights associated with prosperity, Lakshmi worship, family gatherings and gifting",Diyas; Lakshmi puja; rangoli; family visits; gifting,Peak-hour walk-ins and quick digital orders increase,Very High,7-10 days before Diwali through Diwali day,"grocery: dry fruits, sweets and festive groceries",courier/logistics,restaurant,office-goers,Mixed cash and UPI; customers use QR payments at neighbourhood merchants,Loyalty points or wallet cashback on repeat purchases,UPI cashback or merchant-funded QR incentive,"Geo-target Jaipur customers with festival-specific messaging for dry fruits, sweets and festive groceries; start before the peak window.","Prioritize dry fruits, sweets and festive groceries; maintain safety stock and faster replenishment during peak days.","Cross-train staff for billing, packing and customer support",Coordinate supplier replenishment before peak days,Stockouts on fast-moving SKUs and late replenishment,"Synthetic/example scenario: A restaurant in Jaipur sees rising dry fruits, sweets and festive groceries demand from office-goers customers.","Use targeted local messaging in Jaipur and promote dry fruits, sweets and festive groceries 5-7 days early",0.85,"Synthetic example: Diwali demand in Jaipur typically concentrates around 7-10 days before diwali through diwali day, with high upi usage for small and medium tickets; cash remains relevant for local purchases; dry fruits, sweets and festive groceries is relevant to the selected merchant segment."
Diwali,Deepavali; Festival of Lights,Major Hindu festival,Autumn / October-November,5-day festival period; dates vary annually,"Pan-India; especially North, West, Central India",Indore,"Festival of lights associated with prosperity, Lakshmi worship, family gatherings and gifting",Diyas; Lakshmi puja; rangoli; family visits; gifting,Peak-hour walk-ins and quick digital orders increase,Very High,7-10 days before Diwali through Diwali day,"grocery: dry fruits, sweets and festive groceries",decor installation,home-services provider,budget-conscious shoppers,High UPI usage for small and medium tickets; cash remains relevant for local purchases,Buy-more-save-more on festive essentials,Small instant discount for digital payment,"Geo-target Indore customers with festival-specific messaging for dry fruits, sweets and festive groceries; start before the peak window.","Prioritize dry fruits, sweets and festive groceries; maintain safety stock and faster replenishment during peak days.","Cross-train staff for billing, packing and customer support",Pre-book local delivery slots and optimize routes,Stockouts on fast-moving SKUs and late replenishment,"Synthetic/example scenario: A home-services provider in Indore sees rising dry fruits, sweets and festive groceries demand from budget-conscious shoppers customers.",Add temporary staff for peak hours and pre-book delivery capacity,0.86,"Synthetic example: Diwali demand in Indore typically concentrates around 7-10 days before diwali through diwali day, with upi dominates quick purchases; cards used for higher-value orders; dry fruits, sweets and festive groceries is relevant to the selected merchant segment."
Diwali,Deepavali; Festival of Lights,Major Hindu festival,Autumn / October-November,5-day festival period; dates vary annually,"Pan-India; especially North, West, Central India",Mumbai,"Festival of lights associated with prosperity, Lakshmi worship, family gatherings and gifting",Diyas; Lakshmi puja; rangoli; family visits; gifting,Gift-oriented and convenience-driven purchases increase,Very High,7-10 days before Diwali through Diwali day,sweets: mithai and gift boxes,home cleaning,home-services provider,premium shoppers,High UPI usage for small and medium tickets; cash remains relevant for local purchases,Loyalty points or wallet cashback on repeat purchases,Higher loyalty points for UPI transactions,Geo-target Mumbai customers with festival-specific messaging for mithai and gift boxes; start before the peak window.,Prioritize mithai and gift boxes; maintain safety stock and faster replenishment during peak days.,Add packing and delivery staff for peak order windows,Pre-book local delivery slots and optimize routes,Unsold seasonal inventory after the festival,Synthetic/example scenario: A home-services provider in Mumbai sees rising mithai and gift boxes demand from premium shoppers customers.,Create a festival bundle around mithai and gift boxes with a digital-payment incentive,0.88,"Synthetic example: Diwali demand in Mumbai typically concentrates around 7-10 days before diwali through diwali day, with mixed cash and upi; customers use qr payments at neighbourhood merchants; mithai and gift boxes is relevant to the selected merchant segment."
Diwali,Deepavali; Festival of Lights,Major Hindu festival,Autumn / October-November,5-day festival period; dates vary annually,"Pan-India; especially North, West, Central India",Mumbai,"Festival of lights associated with prosperity, Lakshmi worship, family gatherings and gifting",Diyas; Lakshmi puja; rangoli; family visits; gifting,Bulk buying and family-oriented shopping increases,Very High,7-10 days before Diwali through Diwali day,"grocery: dry fruits, sweets and festive groceries",gift delivery,fashion retailer,premium shoppers,Digital payments increase during peak hours; contactless/card usage for premium purchases,Festival bundle discount with minimum order value,Small instant discount for digital payment,"Geo-target Mumbai customers with festival-specific messaging for dry fruits, sweets and festive groceries; start before the peak window.","Prioritize dry fruits, sweets and festive groceries; maintain safety stock and faster replenishment during peak days.",Add 1-2 sales/counter staff during peak hours,Coordinate supplier replenishment before peak days,Demand spikes causing queueing and delivery delays,"Synthetic/example scenario: A fashion retailer in Mumbai sees rising dry fruits, sweets and festive groceries demand from premium shoppers customers.",Offer a minimum-order free-delivery threshold and track hourly demand,0.96,"Synthetic example: Diwali demand in Mumbai typically concentrates around 7-10 days before diwali through diwali day, with digital payments increase during peak hours; contactless/card usage for premium purchases; dry fruits, sweets and festive groceries is relevant to the selected merchant segment."
Diwali,Deepavali; Festival of Lights,Major Hindu festival,Autumn / October-November,5-day festival period; dates vary annually,"Pan-India; especially North, West, Central India",Lucknow,"Festival of lights associated with prosperity, Lakshmi worship, family gatherings and gifting",Diyas; Lakshmi puja; rangoli; family visits; gifting,Gift-oriented and convenience-driven purchases increase,Very High,7-10 days before Diwali through Diwali day,jewellery: gold and festive jewellery,courier/logistics,restaurant,budget-conscious shoppers,UPI dominates quick purchases; cards used for higher-value orders,Buy-more-save-more on festive essentials,Free add-on for orders paid digitally,Geo-target Lucknow customers with festival-specific messaging for gold and festive jewellery; start before the peak window.,Prioritize gold and festive jewellery; maintain safety stock and faster replenishment during peak days.,"Cross-train staff for billing, packing and customer support",Coordinate supplier replenishment before peak days,Cash-handling and reconciliation issues during peak hours,Synthetic/example scenario: A restaurant in Lucknow sees rising gold and festive jewellery demand from budget-conscious shoppers customers.,Use targeted local messaging in Lucknow and promote gold and festive jewellery 5-7 days early,0.96,"Synthetic example: Diwali demand in Lucknow typically concentrates around 7-10 days before diwali through diwali day, with high upi usage for small and medium tickets; cash remains relevant for local purchases; gold and festive jewellery is relevant to the selected merchant segment."
Diwali,Deepavali; Festival of Lights,Major Hindu festival,Autumn / October-November,5-day festival period; dates vary annually,"Pan-India; especially North, West, Central India",Ahmedabad,"Festival of lights associated with prosperity, Lakshmi worship, family gatherings and gifting",Diyas; Lakshmi puja; rangoli; family visits; gifting,Bulk buying and family-oriented shopping increases,Very High,Early planning window; 10-15 days before festival,"electronics: smartphones, TVs and small appliances",gift delivery,home-services provider,tourists/travellers,UPI dominates quick purchases; cards used for higher-value orders,Loyalty points or wallet cashback on repeat purchases,Small instant discount for digital payment,"Geo-target Ahmedabad customers with festival-specific messaging for smartphones, TVs and small appliances; start before the peak window.","Prioritize smartphones, TVs and small appliances; maintain safety stock and faster replenishment during peak days.",Add 1-2 sales/counter staff during peak hours,Pre-book local delivery slots and optimize routes,Demand spikes causing queueing and delivery delays,"Synthetic/example scenario: A home-services provider in Ahmedabad sees rising smartphones, TVs and small appliances demand from tourists/travellers customers.","Create a festival bundle around smartphones, TVs and small appliances with a digital-payment incentive",0.79,"Synthetic example: Diwali demand in Ahmedabad typically concentrates around early planning window; 10-15 days before festival, with upi dominates quick purchases; cards used for higher-value orders; smartphones, TVs and small appliances is relevant to the selected merchant segment."
Diwali,Deepavali; Festival of Lights,Major Hindu festival,Autumn / October-November,5-day festival period; dates vary annually,"Pan-India; especially North, West, Central India",Indore,"Festival of lights associated with prosperity, Lakshmi worship, family gatherings and gifting",Diyas; Lakshmi puja; rangoli; family visits; gifting,Customers compare prices and respond to bundles,Very High,7-10 days before Diwali through Diwali day,sweets: mithai and gift boxes,gift delivery,grocery store,premium shoppers,Mixed cash and UPI; customers use QR payments at neighbourhood merchants,Free delivery above a threshold,Small instant discount for digital payment,Geo-target Indore customers with festival-specific messaging for mithai and gift boxes; start before the peak window.,Prioritize mithai and gift boxes; maintain safety stock and faster replenishment during peak days.,"Cross-train staff for billing, packing and customer support",Pre-book local delivery slots and optimize routes,Stockouts on fast-moving SKUs and late replenishment,Synthetic/example scenario: A grocery store in Indore sees rising mithai and gift boxes demand from premium shoppers customers.,Add temporary staff for peak hours and pre-book delivery capacity,0.79,"Synthetic example: Diwali demand in Indore typically concentrates around 7-10 days before diwali through diwali day, with mixed cash and upi; customers use qr payments at neighbourhood merchants; mithai and gift boxes is relevant to the selected merchant segment."
Diwali,Deepavali; Festival of Lights,Major Hindu festival,Autumn / October-November,5-day festival period; dates vary annually,"Pan-India; especially North, West, Central India",Lucknow,"Festival of lights associated with prosperity, Lakshmi worship, family gatherings and gifting",Diyas; Lakshmi puja; rangoli; family visits; gifting,Bulk buying and family-oriented shopping increases,Very High,7-10 days before Diwali through Diwali day,sweets: mithai and gift boxes,home cleaning,delivery merchant,tourists/travellers,Digital payments increase during peak hours; contactless/card usage for premium purchases,Buy-more-save-more on festive essentials,Free add-on for orders paid digitally,Geo-target Lucknow customers with festival-specific messaging for mithai and gift boxes; start before the peak window.,Prioritize mithai and gift boxes; maintain safety stock and faster replenishment during peak days.,Add packing and delivery staff for peak order windows,Increase last-mile capacity and packing material,Price competition and promotion margin pressure,Synthetic/example scenario: A delivery merchant in Lucknow sees rising mithai and gift boxes demand from tourists/travellers customers.,Use targeted local messaging in Lucknow and promote mithai and gift boxes 5-7 days early,0.82,"Synthetic example: Diwali demand in Lucknow typically concentrates around 7-10 days before diwali through diwali day, with digital payments increase during peak hours; contactless/card usage for premium purchases; mithai and gift boxes is relevant to the selected merchant segment."
Diwali,Deepavali; Festival of Lights,Major Hindu festival,Autumn / October-November,5-day festival period; dates vary annually,"Pan-India; especially North, West, Central India",Delhi,"Festival of lights associated with prosperity, Lakshmi worship, family gatherings and gifting",Diyas; Lakshmi puja; rangoli; family visits; gifting,Customers compare prices and respond to bundles,Very High,7-10 days before Diwali through Diwali day,sweets: mithai and gift boxes,digital payments,neighbourhood retailer,families,Digital payments increase during peak hours; contactless/card usage for premium purchases,5-10% category discount during peak week,Free add-on for orders paid digitally,Geo-target Delhi customers with festival-specific messaging for mithai and gift boxes; start before the peak window.,Prioritize mithai and gift boxes; maintain safety stock and faster replenishment during peak days.,Add 1-2 sales/counter staff during peak hours,Increase last-mile capacity and packing material,Unsold seasonal inventory after the festival,Synthetic/example scenario: A neighbourhood retailer in Delhi sees rising mithai and gift boxes demand from families customers.,Increase mithai and gift boxes inventory by 20-35% and set a daily reorder threshold,0.83,"Synthetic example: Diwali demand in Delhi typically concentrates around 7-10 days before diwali through diwali day, with high upi usage for small and medium tickets; cash remains relevant for local purchases; mithai and gift boxes is relevant to the selected merchant segment."
Diwali,Deepavali; Festival of Lights,Major Hindu festival,Autumn / October-November,5-day festival period; dates vary annually,"Pan-India; especially North, West, Central India",Jaipur,"Festival of lights associated with prosperity, Lakshmi worship, family gatherings and gifting",Diyas; Lakshmi puja; rangoli; family visits; gifting,Gift-oriented and convenience-driven purchases increase,Very High,7-10 days before Diwali through Diwali day,jewellery: gold and festive jewellery,courier/logistics,neighbourhood retailer,tourists/travellers,High UPI usage for small and medium tickets; cash remains relevant for local purchases,Festival bundle discount with minimum order value,Small instant discount for digital payment,Geo-target Jaipur customers with festival-specific messaging for gold and festive jewellery; start before the peak window.,Prioritize gold and festive jewellery; maintain safety stock and faster replenishment during peak days.,Add 1-2 sales/counter staff during peak hours,Increase last-mile capacity and packing material,Stockouts on fast-moving SKUs and late replenishment,Synthetic/example scenario: A neighbourhood retailer in Jaipur sees rising gold and festive jewellery demand from tourists/travellers customers.,Increase gold and festive jewellery inventory by 20-35% and set a daily reorder threshold,0.9,"Synthetic example: Diwali demand in Jaipur typically concentrates around 7-10 days before diwali through diwali day, with upi dominates quick purchases; cards used for higher-value orders; gold and festive jewellery is relevant to the selected merchant segment."
Diwali,Deepavali; Festival of Lights,Major Hindu festival,Autumn / October-November,5-day festival period; dates vary annually,"Pan-India; especially North, West, Central India",Ahmedabad,"Festival of lights associated with prosperity, Lakshmi worship, family gatherings and gifting",Diyas; Lakshmi puja; rangoli; family visits; gifting,Peak-hour walk-ins and quick digital orders increase,Very High,7-10 days before Diwali through Diwali day,jewellery: gold and festive jewellery,gift delivery,sweet shop,office-goers,Mixed cash and UPI; customers use QR payments at neighbourhood merchants,Free delivery above a threshold,Higher loyalty points for UPI transactions,Geo-target Ahmedabad customers with festival-specific messaging for gold and festive jewellery; start before the peak window.,Prioritize gold and festive jewellery; maintain safety stock and faster replenishment during peak days.,Add packing and delivery staff for peak order windows,Coordinate supplier replenishment before peak days,Demand spikes causing queueing and delivery delays,Synthetic/example scenario: A sweet shop in Ahmedabad sees rising gold and festive jewellery demand from office-goers customers.,Use targeted local messaging in Ahmedabad and promote gold and festive jewellery 5-7 days early,0.78,"Synthetic example: Diwali demand in Ahmedabad typically concentrates around 7-10 days before diwali through diwali day, with mixed cash and upi; customers use qr payments at neighbourhood merchants; gold and festive jewellery is relevant to the selected merchant segment."
Diwali,Deepavali; Festival of Lights,Major Hindu festival,Autumn / October-November,5-day festival period; dates vary annually,"Pan-India; especially North, West, Central India",Lucknow,"Festival of lights associated with prosperity, Lakshmi worship, family gatherings and gifting",Diyas; Lakshmi puja; rangoli; family visits; gifting,Gift-oriented and convenience-driven purchases increase,Very High,7-10 days before Diwali through Diwali day,sweets: mithai and gift boxes,home cleaning,travel operator,migrant households,High UPI usage for small and medium tickets; cash remains relevant for local purchases,Buy-more-save-more on festive essentials,UPI cashback or merchant-funded QR incentive,Geo-target Lucknow customers with festival-specific messaging for mithai and gift boxes; start before the peak window.,Prioritize mithai and gift boxes; maintain safety stock and faster replenishment during peak days.,Add 1-2 sales/counter staff during peak hours,Coordinate supplier replenishment before peak days,Unsold seasonal inventory after the festival,Synthetic/example scenario: A travel operator in Lucknow sees rising mithai and gift boxes demand from migrant households customers.,Create a festival bundle around mithai and gift boxes with a digital-payment incentive,0.96,"Synthetic example: Diwali demand in Lucknow typically concentrates around 7-10 days before diwali through diwali day, with digital payments increase during peak hours; contactless/card usage for premium purchases; mithai and gift boxes is relevant to the selected merchant segment."
Diwali,Deepavali; Festival of Lights,Major Hindu festival,Autumn / October-November,5-day festival period; dates vary annually,"Pan-India; especially North, West, Central India",Lucknow,"Festival of lights associated with prosperity, Lakshmi worship, family gatherings and gifting",Diyas; Lakshmi puja; rangoli; family visits; gifting,Bulk buying and family-oriented shopping increases,Very High,7-10 days before Diwali through Diwali day,jewellery: gold and festive jewellery,gift delivery,home-services provider,migrant households,High UPI usage for small and medium tickets; cash remains relevant for local purchases,5-10% category discount during peak week,Free add-on for orders paid digitally,Geo-target Lucknow customers with festival-specific messaging for gold and festive jewellery; start before the peak window.,Prioritize gold and festive jewellery; maintain safety stock and faster replenishment during peak days.,Add 1-2 sales/counter staff during peak hours,Coordinate supplier replenishment before peak days,Cash-handling and reconciliation issues during peak hours,Synthetic/example scenario: A home-services provider in Lucknow sees rising gold and festive jewellery demand from migrant households customers.,Increase gold and festive jewellery inventory by 20-35% and set a daily reorder threshold,0.94,"Synthetic example: Diwali demand in Lucknow typically concentrates around 7-10 days before diwali through diwali day, with high upi usage for small and medium tickets; cash remains relevant for local purchases; gold and festive jewellery is relevant to the selected merchant segment."
Diwali,Deepavali; Festival of Lights,Major Hindu festival,Autumn / October-November,5-day festival period; dates vary annually,"Pan-India; especially North, West, Central India",Lucknow,"Festival of lights associated with prosperity, Lakshmi worship, family gatherings and gifting",Diyas; Lakshmi puja; rangoli; family visits; gifting,Gift-oriented and convenience-driven purchases increase,Very High,7-10 days before Diwali through Diwali day,fashion: ethnic wear and family apparel,courier/logistics,delivery merchant,families,Mixed cash and UPI; customers use QR payments at neighbourhood merchants,Buy-more-save-more on festive essentials,Small instant discount for digital payment,Geo-target Lucknow customers with festival-specific messaging for ethnic wear and family apparel; start before the peak window.,Prioritize ethnic wear and family apparel; maintain safety stock and faster replenishment during peak days.,"Cross-train staff for billing, packing and customer support",Coordinate supplier replenishment before peak days,Stockouts on fast-moving SKUs and late replenishment,Synthetic/example scenario: A delivery merchant in Lucknow sees rising ethnic wear and family apparel demand from families customers.,Use targeted local messaging in Lucknow and promote ethnic wear and family apparel 5-7 days early,0.9,"Synthetic example: Diwali demand in Lucknow typically concentrates around 7-10 days before diwali through diwali day, with upi dominates quick purchases; cards used for higher-value orders; ethnic wear and family apparel is relevant to the selected merchant segment."
Diwali,Deepavali; Festival of Lights,Major Hindu festival,Autumn / October-November,5-day festival period; dates vary annually,"Pan-India; especially North, West, Central India",Jaipur,"Festival of lights associated with prosperity, Lakshmi worship, family gatherings and gifting",Diyas; Lakshmi puja; rangoli; family visits; gifting,Bulk buying and family-oriented shopping increases,Very High,7-10 days before Diwali through Diwali day,"electronics: smartphones, TVs and small appliances",home cleaning,fashion retailer,office-goers,High UPI usage for small and medium tickets; cash remains relevant for local purchases,Free delivery above a threshold,UPI cashback or merchant-funded QR incentive,"Geo-target Jaipur customers with festival-specific messaging for smartphones, TVs and small appliances; start before the peak window.","Prioritize smartphones, TVs and small appliances; maintain safety stock and faster replenishment during peak days.",Add 1-2 sales/counter staff during peak hours,Coordinate supplier replenishment before peak days,Unsold seasonal inventory after the festival,"Synthetic/example scenario: A fashion retailer in Jaipur sees rising smartphones, TVs and small appliances demand from office-goers customers.","Use targeted local messaging in Jaipur and promote smartphones, TVs and small appliances 5-7 days early",0.84,"Synthetic example: Diwali demand in Jaipur typically concentrates around 7-10 days before diwali through diwali day, with mixed cash and upi; customers use qr payments at neighbourhood merchants; smartphones, TVs and small appliances is relevant to the selected merchant segment."
Diwali,Deepavali; Festival of Lights,Major Hindu festival,Autumn / October-November,5-day festival period; dates vary annually,"Pan-India; especially North, West, Central India",Lucknow,"Festival of lights associated with prosperity, Lakshmi worship, family gatherings and gifting",Diyas; Lakshmi puja; rangoli; family visits; gifting,Customers compare prices and respond to bundles,Very High,7-10 days before Diwali through Diwali day,fashion: ethnic wear and family apparel,decor installation,fashion retailer,migrant households,Digital payments increase during peak hours; contactless/card usage for premium purchases,Loyalty points or wallet cashback on repeat purchases,Higher loyalty points for UPI transactions,Geo-target Lucknow customers with festival-specific messaging for ethnic wear and family apparel; start before the peak window.,Prioritize ethnic wear and family apparel; maintain safety stock and faster replenishment during peak days.,"Cross-train staff for billing, packing and customer support",Coordinate supplier replenishment before peak days,Stockouts on fast-moving SKUs and late replenishment,Synthetic/example scenario: A fashion retailer in Lucknow sees rising ethnic wear and family apparel demand from migrant households customers.,Create a festival bundle around ethnic wear and family apparel with a digital-payment incentive,0.85,"Synthetic example: Diwali demand in Lucknow typically concentrates around 7-10 days before diwali through diwali day, with digital payments increase during peak hours; contactless/card usage for premium purchases; ethnic wear and family apparel is relevant to the selected merchant segment."
Diwali,Deepavali; Festival of Lights,Major Hindu festival,Autumn / October-November,5-day festival period; dates vary annually,"Pan-India; especially North, West, Central India",Delhi,"Festival of lights associated with prosperity, Lakshmi worship, family gatherings and gifting",Diyas; Lakshmi puja; rangoli; family visits; gifting,Bulk buying and family-oriented shopping increases,Very High,7-10 days before Diwali through Diwali day,"home: diyas, lights and decor",gift delivery,home-services provider,budget-conscious shoppers,UPI dominates quick purchases; cards used for higher-value orders,Buy-more-save-more on festive essentials,Higher loyalty points for UPI transactions,"Geo-target Delhi customers with festival-specific messaging for diyas, lights and decor; start before the peak window.","Prioritize diyas, lights and decor; maintain safety stock and faster replenishment during peak days.","Cross-train staff for billing, packing and customer support",Pre-book local delivery slots and optimize routes,Demand spikes causing queueing and delivery delays,"Synthetic/example scenario: A home-services provider in Delhi sees rising diyas, lights and decor demand from budget-conscious shoppers customers.",Add temporary staff for peak hours and pre-book delivery capacity,0.8,"Synthetic example: Diwali demand in Delhi typically concentrates around 7-10 days before diwali through diwali day, with high upi usage for small and medium tickets; cash remains relevant for local purchases; diyas, lights and decor is relevant to the selected merchant segment."
Diwali,Deepavali; Festival of Lights,Major Hindu festival,Autumn / October-November,5-day festival period; dates vary annually,"Pan-India; especially North, West, Central India",Mumbai,"Festival of lights associated with prosperity, Lakshmi worship, family gatherings and gifting",Diyas; Lakshmi puja; rangoli; family visits; gifting,Bulk buying and family-oriented shopping increases,Very High,7-10 days before Diwali through Diwali day,sweets: mithai and gift boxes,courier/logistics,sweet shop,budget-conscious shoppers,High UPI usage for small and medium tickets; cash remains relevant for local purchases,Free delivery above a threshold,Higher loyalty points for UPI transactions,Geo-target Mumbai customers with festival-specific messaging for mithai and gift boxes; start before the peak window.,Prioritize mithai and gift boxes; maintain safety stock and faster replenishment during peak days.,Add 1-2 sales/counter staff during peak hours,Pre-book local delivery slots and optimize routes,Price competition and promotion margin pressure,Synthetic/example scenario: A sweet shop in Mumbai sees rising mithai and gift boxes demand from budget-conscious shoppers customers.,Add temporary staff for peak hours and pre-book delivery capacity,0.95,"Synthetic example: Diwali demand in Mumbai typically concentrates around 7-10 days before diwali through diwali day, with upi dominates quick purchases; cards used for higher-value orders; mithai and gift boxes is relevant to the selected merchant segment."
Diwali,Deepavali; Festival of Lights,Major Hindu festival,Autumn / October-November,5-day festival period; dates vary annually,"Pan-India; especially North, West, Central India",Jaipur,"Festival of lights associated with prosperity, Lakshmi worship, family gatherings and gifting",Diyas; Lakshmi puja; rangoli; family visits; gifting,Bulk buying and family-oriented shopping increases,Very High,Early planning window; 10-15 days before festival,"electronics: smartphones, TVs and small appliances",digital payments,fashion retailer,migrant households,High UPI usage for small and medium tickets; cash remains relevant for local purchases,5-10% category discount during peak week,UPI cashback or merchant-funded QR incentive,"Geo-target Jaipur customers with festival-specific messaging for smartphones, TVs and small appliances; start before the peak window.","Prioritize smartphones, TVs and small appliances; maintain safety stock and faster replenishment during peak days.",Add packing and delivery staff for peak order windows,Coordinate supplier replenishment before peak days,Cash-handling and reconciliation issues during peak hours,"Synthetic/example scenario: A fashion retailer in Jaipur sees rising smartphones, TVs and small appliances demand from migrant households customers.","Use targeted local messaging in Jaipur and promote smartphones, TVs and small appliances 5-7 days early",0.89,"Synthetic example: Diwali demand in Jaipur typically concentrates around early planning window; 10-15 days before festival, with mixed cash and upi; customers use qr payments at neighbourhood merchants; smartphones, TVs and small appliances is relevant to the selected merchant segment."
Diwali,Deepavali; Festival of Lights,Major Hindu festival,Autumn / October-November,5-day festival period; dates vary annually,"Pan-India; especially North, West, Central India",Jaipur,"Festival of lights associated with prosperity, Lakshmi worship, family gatherings and gifting",Diyas; Lakshmi puja; rangoli; family visits; gifting,Bulk buying and family-oriented shopping increases,Very High,7-10 days before Diwali through Diwali day,"home: diyas, lights and decor",gift delivery,jewellery store,migrant households,Mixed cash and UPI; customers use QR payments at neighbourhood merchants,5-10% category discount during peak week,Small instant discount for digital payment,"Geo-target Jaipur customers with festival-specific messaging for diyas, lights and decor; start before the peak window.","Prioritize diyas, lights and decor; maintain safety stock and faster replenishment during peak days.","Cross-train staff for billing, packing and customer support",Pre-book local delivery slots and optimize routes,Unsold seasonal inventory after the festival,"Synthetic/example scenario: A jewellery store in Jaipur sees rising diyas, lights and decor demand from migrant households customers.",Add temporary staff for peak hours and pre-book delivery capacity,0.95,"Synthetic example: Diwali demand in Jaipur typically concentrates around 7-10 days before diwali through diwali day, with digital payments increase during peak hours; contactless/card usage for premium purchases; diyas, lights and decor is relevant to the selected merchant segment."
Diwali,Deepavali; Festival of Lights,Major Hindu festival,Autumn / October-November,5-day festival period; dates vary annually,"Pan-India; especially North, West, Central India",Lucknow,"Festival of lights associated with prosperity, Lakshmi worship, family gatherings and gifting",Diyas; Lakshmi puja; rangoli; family visits; gifting,Bulk buying and family-oriented shopping increases,Very High,7-10 days before Diwali through Diwali day,"electronics: smartphones, TVs and small appliances",home cleaning,jewellery store,migrant households,UPI dominates quick purchases; cards used for higher-value orders,Buy-more-save-more on festive essentials,Free add-on for orders paid digitally,"Geo-target Lucknow customers with festival-specific messaging for smartphones, TVs and small appliances; start before the peak window.","Prioritize smartphones, TVs and small appliances; maintain safety stock and faster replenishment during peak days.","Cross-train staff for billing, packing and customer support",Coordinate supplier replenishment before peak days,Demand spikes causing queueing and delivery delays,"Synthetic/example scenario: A jewellery store in Lucknow sees rising smartphones, TVs and small appliances demand from migrant households customers.","Create a festival bundle around smartphones, TVs and small appliances with a digital-payment incentive",0.95,"Synthetic example: Diwali demand in Lucknow typically concentrates around 7-10 days before diwali through diwali day, with high upi usage for small and medium tickets; cash remains relevant for local purchases; smartphones, TVs and small appliances is relevant to the selected merchant segment."
Diwali,Deepavali; Festival of Lights,Major Hindu festival,Autumn / October-November,5-day festival period; dates vary annually,"Pan-India; especially North, West, Central India",Mumbai,"Festival of lights associated with prosperity, Lakshmi worship, family gatherings and gifting",Diyas; Lakshmi puja; rangoli; family visits; gifting,Peak-hour walk-ins and quick digital orders increase,Very High,7-10 days before Diwali through Diwali day,fashion: ethnic wear and family apparel,digital payments,restaurant,young adults,Mixed cash and UPI; customers use QR payments at neighbourhood merchants,Buy-more-save-more on festive essentials,Small instant discount for digital payment,Geo-target Mumbai customers with festival-specific messaging for ethnic wear and family apparel; start before the peak window.,Prioritize ethnic wear and family apparel; maintain safety stock and faster replenishment during peak days.,Add 1-2 sales/counter staff during peak hours,Pre-book local delivery slots and optimize routes,Stockouts on fast-moving SKUs and late replenishment,Synthetic/example scenario: A restaurant in Mumbai sees rising ethnic wear and family apparel demand from young adults customers.,Use targeted local messaging in Mumbai and promote ethnic wear and family apparel 5-7 days early,0.82,"Synthetic example: Diwali demand in Mumbai typically concentrates around 7-10 days before diwali through diwali day, with upi dominates quick purchases; cards used for higher-value orders; ethnic wear and family apparel is relevant to the selected merchant segment."
Diwali,Deepavali; Festival of Lights,Major Hindu festival,Autumn / October-November,5-day festival period; dates vary annually,"Pan-India; especially North, West, Central India",Jaipur,"Festival of lights associated with prosperity, Lakshmi worship, family gatherings and gifting",Diyas; Lakshmi puja; rangoli; family visits; gifting,Gift-oriented and convenience-driven purchases increase,Very High,7-10 days before Diwali through Diwali day,sweets: mithai and gift boxes,decor installation,jewellery store,local communities,Digital payments increase during peak hours; contactless/card usage for premium purchases,Loyalty points or wallet cashback on repeat purchases,Higher loyalty points for UPI transactions,Geo-target Jaipur customers with festival-specific messaging for mithai and gift boxes; start before the peak window.,Prioritize mithai and gift boxes; maintain safety stock and faster replenishment during peak days.,Add 1-2 sales/counter staff during peak hours,Pre-book local delivery slots and optimize routes,Stockouts on fast-moving SKUs and late replenishment,Synthetic/example scenario: A jewellery store in Jaipur sees rising mithai and gift boxes demand from local communities customers.,Add temporary staff for peak hours and pre-book delivery capacity,0.85,"Synthetic example: Diwali demand in Jaipur typically concentrates around 7-10 days before diwali through diwali day, with mixed cash and upi; customers use qr payments at neighbourhood merchants; mithai and gift boxes is relevant to the selected merchant segment."
Diwali,Deepavali; Festival of Lights,Major Hindu festival,Autumn / October-November,5-day festival period; dates vary annually,"Pan-India; especially North, West, Central India",Jaipur,"Festival of lights associated with prosperity, Lakshmi worship, family gatherings and gifting",Diyas; Lakshmi puja; rangoli; family visits; gifting,Advance purchases rise before the main ritual day,Very High,7-10 days before Diwali through Diwali day,"electronics: smartphones, TVs and small appliances",gift delivery,delivery merchant,budget-conscious shoppers,Digital payments increase during peak hours; contactless/card usage for premium purchases,Loyalty points or wallet cashback on repeat purchases,UPI cashback or merchant-funded QR incentive,"Geo-target Jaipur customers with festival-specific messaging for smartphones, TVs and small appliances; start before the peak window.","Prioritize smartphones, TVs and small appliances; maintain safety stock and faster replenishment during peak days.",Add packing and delivery staff for peak order windows,Coordinate supplier replenishment before peak days,Stockouts on fast-moving SKUs and late replenishment,"Synthetic/example scenario: A delivery merchant in Jaipur sees rising smartphones, TVs and small appliances demand from budget-conscious shoppers customers.",Offer a minimum-order free-delivery threshold and track hourly demand,0.86,"Synthetic example: Diwali demand in Jaipur typically concentrates around 7-10 days before diwali through diwali day, with digital payments increase during peak hours; contactless/card usage for premium purchases; smartphones, TVs and small appliances is relevant to the selected merchant segment."
Diwali,Deepavali; Festival of Lights,Major Hindu festival,Autumn / October-November,5-day festival period; dates vary annually,"Pan-India; especially North, West, Central India",Mumbai,"Festival of lights associated with prosperity, Lakshmi worship, family gatherings and gifting",Diyas; Lakshmi puja; rangoli; family visits; gifting,Customers compare prices and respond to bundles,Very High,7-10 days before Diwali through Diwali day,fashion: ethnic wear and family apparel,gift delivery,grocery store,office-goers,Mixed cash and UPI; customers use QR payments at neighbourhood merchants,Free delivery above a threshold,UPI cashback or merchant-funded QR incentive,Geo-target Mumbai customers with festival-specific messaging for ethnic wear and family apparel; start before the peak window.,Prioritize ethnic wear and family apparel; maintain safety stock and faster replenishment during peak days.,"Cross-train staff for billing, packing and customer support",Increase last-mile capacity and packing material,Cash-handling and reconciliation issues during peak hours,Synthetic/example scenario: A grocery store in Mumbai sees rising ethnic wear and family apparel demand from office-goers customers.,Offer a minimum-order free-delivery threshold and track hourly demand,0.91,"Synthetic example: Diwali demand in Mumbai typically concentrates around 7-10 days before diwali through diwali day, with high upi usage for small and medium tickets; cash remains relevant for local purchases; ethnic wear and family apparel is relevant to the selected merchant segment."
Diwali,Deepavali; Festival of Lights,Major Hindu festival,Autumn / October-November,5-day festival period; dates vary annually,"Pan-India; especially North, West, Central India",Mumbai,"Festival of lights associated with prosperity, Lakshmi worship, family gatherings and gifting",Diyas; Lakshmi puja; rangoli; family visits; gifting,Advance purchases rise before the main ritual day,Very High,7-10 days before Diwali through Diwali day,"home: diyas, lights and decor",courier/logistics,neighbourhood retailer,budget-conscious shoppers,UPI dominates quick purchases; cards used for higher-value orders,5-10% category discount during peak week,Free add-on for orders paid digitally,"Geo-target Mumbai customers with festival-specific messaging for diyas, lights and decor; start before the peak window.","Prioritize diyas, lights and decor; maintain safety stock and faster replenishment during peak days.","Cross-train staff for billing, packing and customer support",Increase last-mile capacity and packing material,Unsold seasonal inventory after the festival,"Synthetic/example scenario: A neighbourhood retailer in Mumbai sees rising diyas, lights and decor demand from budget-conscious shoppers customers.","Use targeted local messaging in Mumbai and promote diyas, lights and decor 5-7 days early",0.84,"Synthetic example: Diwali demand in Mumbai typically concentrates around 7-10 days before diwali through diwali day, with upi dominates quick purchases; cards used for higher-value orders; diyas, lights and decor is relevant to the selected merchant segment."
Diwali,Deepavali; Festival of Lights,Major Hindu festival,Autumn / October-November,5-day festival period; dates vary annually,"Pan-India; especially North, West, Central India",Indore,"Festival of lights associated with prosperity, Lakshmi worship, family gatherings and gifting",Diyas; Lakshmi puja; rangoli; family visits; gifting,Customers compare prices and respond to bundles,Very High,7-10 days before Diwali through Diwali day,sweets: mithai and gift boxes,digital payments,restaurant,budget-conscious shoppers,Digital payments increase during peak hours; contactless/card usage for premium purchases,Loyalty points or wallet cashback on repeat purchases,Higher loyalty points for UPI transactions,Geo-target Indore customers with festival-specific messaging for mithai and gift boxes; start before the peak window.,Prioritize mithai and gift boxes; maintain safety stock and faster replenishment during peak days.,Add packing and delivery staff for peak order windows,Increase last-mile capacity and packing material,Cash-handling and reconciliation issues during peak hours,Synthetic/example scenario: A restaurant in Indore sees rising mithai and gift boxes demand from budget-conscious shoppers customers.,Increase mithai and gift boxes inventory by 20-35% and set a daily reorder threshold,0.84,"Synthetic example: Diwali demand in Indore typically concentrates around 7-10 days before diwali through diwali day, with mixed cash and upi; customers use qr payments at neighbourhood merchants; mithai and gift boxes is relevant to the selected merchant segment."
Diwali,Deepavali; Festival of Lights,Major Hindu festival,Autumn / October-November,5-day festival period; dates vary annually,"Pan-India; especially North, West, Central India",Indore,"Festival of lights associated with prosperity, Lakshmi worship, family gatherings and gifting",Diyas; Lakshmi puja; rangoli; family visits; gifting,Gift-oriented and convenience-driven purchases increase,Very High,7-10 days before Diwali through Diwali day,jewellery: gold and festive jewellery,home cleaning,sweet shop,tourists/travellers,Mixed cash and UPI; customers use QR payments at neighbourhood merchants,Festival bundle discount with minimum order value,Small instant discount for digital payment,Geo-target Indore customers with festival-specific messaging for gold and festive jewellery; start before the peak window.,Prioritize gold and festive jewellery; maintain safety stock and faster replenishment during peak days.,"Cross-train staff for billing, packing and customer support",Increase last-mile capacity and packing material,Stockouts on fast-moving SKUs and late replenishment,Synthetic/example scenario: A sweet shop in Indore sees rising gold and festive jewellery demand from tourists/travellers customers.,Add temporary staff for peak hours and pre-book delivery capacity,0.88,"Synthetic example: Diwali demand in Indore typically concentrates around 7-10 days before diwali through diwali day, with digital payments increase during peak hours; contactless/card usage for premium purchases; gold and festive jewellery is relevant to the selected merchant segment."
Diwali,Deepavali; Festival of Lights,Major Hindu festival,Autumn / October-November,5-day festival period; dates vary annually,"Pan-India; especially North, West, Central India",Jaipur,"Festival of lights associated with prosperity, Lakshmi worship, family gatherings and gifting",Diyas; Lakshmi puja; rangoli; family visits; gifting,Bulk buying and family-oriented shopping increases,Very High,7-10 days before Diwali through Diwali day,fashion: ethnic wear and family apparel,gift delivery,restaurant,families,Digital payments increase during peak hours; contactless/card usage for premium purchases,Free delivery above a threshold,Small instant discount for digital payment,Geo-target Jaipur customers with festival-specific messaging for ethnic wear and family apparel; start before the peak window.,Prioritize ethnic wear and family apparel; maintain safety stock and faster replenishment during peak days.,"Cross-train staff for billing, packing and customer support",Coordinate supplier replenishment before peak days,Demand spikes causing queueing and delivery delays,Synthetic/example scenario: A restaurant in Jaipur sees rising ethnic wear and family apparel demand from families customers.,Use targeted local messaging in Jaipur and promote ethnic wear and family apparel 5-7 days early,0.9,"Synthetic example: Diwali demand in Jaipur typically concentrates around 7-10 days before diwali through diwali day, with high upi usage for small and medium tickets; cash remains relevant for local purchases; ethnic wear and family apparel is relevant to the selected merchant segment."
Diwali,Deepavali; Festival of Lights,Major Hindu festival,Autumn / October-November,5-day festival period; dates vary annually,"Pan-India; especially North, West, Central India",Ahmedabad,"Festival of lights associated with prosperity, Lakshmi worship, family gatherings and gifting",Diyas; Lakshmi puja; rangoli; family visits; gifting,Customers compare prices and respond to bundles,Very High,7-10 days before Diwali through Diwali day,jewellery: gold and festive jewellery,home cleaning,jewellery store,premium shoppers,UPI dominates quick purchases; cards used for higher-value orders,Loyalty points or wallet cashback on repeat purchases,Free add-on for orders paid digitally,Geo-target Ahmedabad customers with festival-specific messaging for gold and festive jewellery; start before the peak window.,Prioritize gold and festive jewellery; maintain safety stock and faster replenishment during peak days.,Add 1-2 sales/counter staff during peak hours,Coordinate supplier replenishment before peak days,Stockouts on fast-moving SKUs and late replenishment,Synthetic/example scenario: A jewellery store in Ahmedabad sees rising gold and festive jewellery demand from premium shoppers customers.,Increase gold and festive jewellery inventory by 20-35% and set a daily reorder threshold,0.93,"Synthetic example: Diwali demand in Ahmedabad typically concentrates around 7-10 days before diwali through diwali day, with upi dominates quick purchases; cards used for higher-value orders; gold and festive jewellery is relevant to the selected merchant segment."
Diwali,Deepavali; Festival of Lights,Major Hindu festival,Autumn / October-November,5-day festival period; dates vary annually,"Pan-India; especially North, West, Central India",Delhi,"Festival of lights associated with prosperity, Lakshmi worship, family gatherings and gifting",Diyas; Lakshmi puja; rangoli; family visits; gifting,Peak-hour walk-ins and quick digital orders increase,Very High,7-10 days before Diwali through Diwali day,fashion: ethnic wear and family apparel,digital payments,travel operator,migrant households,Digital payments increase during peak hours; contactless/card usage for premium purchases,Loyalty points or wallet cashback on repeat purchases,Free add-on for orders paid digitally,Geo-target Delhi customers with festival-specific messaging for ethnic wear and family apparel; start before the peak window.,Prioritize ethnic wear and family apparel; maintain safety stock and faster replenishment during peak days.,Add 1-2 sales/counter staff during peak hours,Coordinate supplier replenishment before peak days,Cash-handling and reconciliation issues during peak hours,Synthetic/example scenario: A travel operator in Delhi sees rising ethnic wear and family apparel demand from migrant households customers.,Offer a minimum-order free-delivery threshold and track hourly demand,0.89,"Synthetic example: Diwali demand in Delhi typically concentrates around 7-10 days before diwali through diwali day, with mixed cash and upi; customers use qr payments at neighbourhood merchants; ethnic wear and family apparel is relevant to the selected merchant segment."
Diwali,Deepavali; Festival of Lights,Major Hindu festival,Autumn / October-November,5-day festival period; dates vary annually,"Pan-India; especially North, West, Central India",Ahmedabad,"Festival of lights associated with prosperity, Lakshmi worship, family gatherings and gifting",Diyas; Lakshmi puja; rangoli; family visits; gifting,Advance purchases rise before the main ritual day,Very High,Early planning window; 10-15 days before festival,jewellery: gold and festive jewellery,decor installation,fashion retailer,premium shoppers,Digital payments increase during peak hours; contactless/card usage for premium purchases,Festival bundle discount with minimum order value,Higher loyalty points for UPI transactions,Geo-target Ahmedabad customers with festival-specific messaging for gold and festive jewellery; start before the peak window.,Prioritize gold and festive jewellery; maintain safety stock and faster replenishment during peak days.,Add 1-2 sales/counter staff during peak hours,Increase last-mile capacity and packing material,Cash-handling and reconciliation issues during peak hours,Synthetic/example scenario: A fashion retailer in Ahmedabad sees rising gold and festive jewellery demand from premium shoppers customers.,Use targeted local messaging in Ahmedabad and promote gold and festive jewellery 5-7 days early,0.9,"Synthetic example: Diwali demand in Ahmedabad typically concentrates around early planning window; 10-15 days before festival, with digital payments increase during peak hours; contactless/card usage for premium purchases; gold and festive jewellery is relevant to the selected merchant segment."
Diwali,Deepavali; Festival of Lights,Major Hindu festival,Autumn / October-November,5-day festival period; dates vary annually,"Pan-India; especially North, West, Central India",Mumbai,"Festival of lights associated with prosperity, Lakshmi worship, family gatherings and gifting",Diyas; Lakshmi puja; rangoli; family visits; gifting,Customers compare prices and respond to bundles,Very High,7-10 days before Diwali through Diwali day,"electronics: smartphones, TVs and small appliances",home cleaning,home-services provider,young adults,UPI dominates quick purchases; cards used for higher-value orders,Festival bundle discount with minimum order value,Free add-on for orders paid digitally,"Geo-target Mumbai customers with festival-specific messaging for smartphones, TVs and small appliances; start before the peak window.","Prioritize smartphones, TVs and small appliances; maintain safety stock and faster replenishment during peak days.",Add packing and delivery staff for peak order windows,Increase last-mile capacity and packing material,Demand spikes causing queueing and delivery delays,"Synthetic/example scenario: A home-services provider in Mumbai sees rising smartphones, TVs and small appliances demand from young adults customers.","Create a festival bundle around smartphones, TVs and small appliances with a digital-payment incentive",0.85,"Synthetic example: Diwali demand in Mumbai typically concentrates around 7-10 days before diwali through diwali day, with high upi usage for small and medium tickets; cash remains relevant for local purchases; smartphones, TVs and small appliances is relevant to the selected merchant segment."
Diwali,Deepavali; Festival of Lights,Major Hindu festival,Autumn / October-November,5-day festival period; dates vary annually,"Pan-India; especially North, West, Central India",Ahmedabad,"Festival of lights associated with prosperity, Lakshmi worship, family gatherings and gifting",Diyas; Lakshmi puja; rangoli; family visits; gifting,Gift-oriented and convenience-driven purchases increase,Very High,7-10 days before Diwali through Diwali day,"home: diyas, lights and decor",home cleaning,jewellery store,families,High UPI usage for small and medium tickets; cash remains relevant for local purchases,Loyalty points or wallet cashback on repeat purchases,Free add-on for orders paid digitally,"Geo-target Ahmedabad customers with festival-specific messaging for diyas, lights and decor; start before the peak window.","Prioritize diyas, lights and decor; maintain safety stock and faster replenishment during peak days.",Add packing and delivery staff for peak order windows,Pre-book local delivery slots and optimize routes,Price competition and promotion margin pressure,"Synthetic/example scenario: A jewellery store in Ahmedabad sees rising diyas, lights and decor demand from families customers.","Use targeted local messaging in Ahmedabad and promote diyas, lights and decor 5-7 days early",0.95,"Synthetic example: Diwali demand in Ahmedabad typically concentrates around 7-10 days before diwali through diwali day, with upi dominates quick purchases; cards used for higher-value orders; diyas, lights and decor is relevant to the selected merchant segment."
Diwali,Deepavali; Festival of Lights,Major Hindu festival,Autumn / October-November,5-day festival period; dates vary annually,"Pan-India; especially North, West, Central India",Mumbai,"Festival of lights associated with prosperity, Lakshmi worship, family gatherings and gifting",Diyas; Lakshmi puja; rangoli; family visits; gifting,Peak-hour walk-ins and quick digital orders increase,Very High,7-10 days before Diwali through Diwali day,"electronics: smartphones, TVs and small appliances",courier/logistics,jewellery store,office-goers,UPI dominates quick purchases; cards used for higher-value orders,Buy-more-save-more on festive essentials,Free add-on for orders paid digitally,"Geo-target Mumbai customers with festival-specific messaging for smartphones, TVs and small appliances; start before the peak window.","Prioritize smartphones, TVs and small appliances; maintain safety stock and faster replenishment during peak days.",Add packing and delivery staff for peak order windows,Pre-book local delivery slots and optimize routes,Cash-handling and reconciliation issues during peak hours,"Synthetic/example scenario: A jewellery store in Mumbai sees rising smartphones, TVs and small appliances demand from office-goers customers.",Offer a minimum-order free-delivery threshold and track hourly demand,0.95,"Synthetic example: Diwali demand in Mumbai typically concentrates around 7-10 days before diwali through diwali day, with mixed cash and upi; customers use qr payments at neighbourhood merchants; smartphones, TVs and small appliances is relevant to the selected merchant segment."
Diwali,Deepavali; Festival of Lights,Major Hindu festival,Autumn / October-November,5-day festival period; dates vary annually,"Pan-India; especially North, West, Central India",Mumbai,"Festival of lights associated with prosperity, Lakshmi worship, family gatherings and gifting",Diyas; Lakshmi puja; rangoli; family visits; gifting,Peak-hour walk-ins and quick digital orders increase,Very High,7-10 days before Diwali through Diwali day,jewellery: gold and festive jewellery,digital payments,jewellery store,migrant households,High UPI usage for small and medium tickets; cash remains relevant for local purchases,Festival bundle discount with minimum order value,Free add-on for orders paid digitally,Geo-target Mumbai customers with festival-specific messaging for gold and festive jewellery; start before the peak window.,Prioritize gold and festive jewellery; maintain safety stock and faster replenishment during peak days.,Add 1-2 sales/counter staff during peak hours,Increase last-mile capacity and packing material,Demand spikes causing queueing and delivery delays,Synthetic/example scenario: A jewellery store in Mumbai sees rising gold and festive jewellery demand from migrant households customers.,Offer a minimum-order free-delivery threshold and track hourly demand,0.88,"Synthetic example: Diwali demand in Mumbai typically concentrates around 7-10 days before diwali through diwali day, with digital payments increase during peak hours; contactless/card usage for premium purchases; gold and festive jewellery is relevant to the selected merchant segment."
Diwali,Deepavali; Festival of Lights,Major Hindu festival,Autumn / October-November,5-day festival period; dates vary annually,"Pan-India; especially North, West, Central India",Delhi,"Festival of lights associated with prosperity, Lakshmi worship, family gatherings and gifting",Diyas; Lakshmi puja; rangoli; family visits; gifting,Peak-hour walk-ins and quick digital orders increase,Very High,7-10 days before Diwali through Diwali day,fashion: ethnic wear and family apparel,decor installation,fashion retailer,office-goers,Mixed cash and UPI; customers use QR payments at neighbourhood merchants,Free delivery above a threshold,Higher loyalty points for UPI transactions,Geo-target Delhi customers with festival-specific messaging for ethnic wear and family apparel; start before the peak window.,Prioritize ethnic wear and family apparel; maintain safety stock and faster replenishment during peak days.,Add 1-2 sales/counter staff during peak hours,Increase last-mile capacity and packing material,Demand spikes causing queueing and delivery delays,Synthetic/example scenario: A fashion retailer in Delhi sees rising ethnic wear and family apparel demand from office-goers customers.,Use targeted local messaging in Delhi and promote ethnic wear and family apparel 5-7 days early,0.84,"Synthetic example: Diwali demand in Delhi typically concentrates around 7-10 days before diwali through diwali day, with high upi usage for small and medium tickets; cash remains relevant for local purchases; ethnic wear and family apparel is relevant to the selected merchant segment."
Diwali,Deepavali; Festival of Lights,Major Hindu festival,Autumn / October-November,5-day festival period; dates vary annually,"Pan-India; especially North, West, Central India",Indore,"Festival of lights associated with prosperity, Lakshmi worship, family gatherings and gifting",Diyas; Lakshmi puja; rangoli; family visits; gifting,Bulk buying and family-oriented shopping increases,Very High,7-10 days before Diwali through Diwali day,"grocery: dry fruits, sweets and festive groceries",decor installation,home-services provider,families,High UPI usage for small and medium tickets; cash remains relevant for local purchases,5-10% category discount during peak week,Small instant discount for digital payment,"Geo-target Indore customers with festival-specific messaging for dry fruits, sweets and festive groceries; start before the peak window.","Prioritize dry fruits, sweets and festive groceries; maintain safety stock and faster replenishment during peak days.",Add 1-2 sales/counter staff during peak hours,Coordinate supplier replenishment before peak days,Demand spikes causing queueing and delivery delays,"Synthetic/example scenario: A home-services provider in Indore sees rising dry fruits, sweets and festive groceries demand from families customers.","Increase dry fruits, sweets and festive groceries inventory by 20-35% and set a daily reorder threshold",0.93,"Synthetic example: Diwali demand in Indore typically concentrates around 7-10 days before diwali through diwali day, with upi dominates quick purchases; cards used for higher-value orders; dry fruits, sweets and festive groceries is relevant to the selected merchant segment."
Diwali,Deepavali; Festival of Lights,Major Hindu festival,Autumn / October-November,5-day festival period; dates vary annually,"Pan-India; especially North, West, Central India",Jaipur,"Festival of lights associated with prosperity, Lakshmi worship, family gatherings and gifting",Diyas; Lakshmi puja; rangoli; family visits; gifting,Advance purchases rise before the main ritual day,Very High,7-10 days before Diwali through Diwali day,fashion: ethnic wear and family apparel,gift delivery,restaurant,tourists/travellers,Mixed cash and UPI; customers use QR payments at neighbourhood merchants,5-10% category discount during peak week,UPI cashback or merchant-funded QR incentive,Geo-target Jaipur customers with festival-specific messaging for ethnic wear and family apparel; start before the peak window.,Prioritize ethnic wear and family apparel; maintain safety stock and faster replenishment during peak days.,Add 1-2 sales/counter staff during peak hours,Increase last-mile capacity and packing material,Cash-handling and reconciliation issues during peak hours,Synthetic/example scenario: A restaurant in Jaipur sees rising ethnic wear and family apparel demand from tourists/travellers customers.,Create a festival bundle around ethnic wear and family apparel with a digital-payment incentive,0.87,"Synthetic example: Diwali demand in Jaipur typically concentrates around 7-10 days before diwali through diwali day, with mixed cash and upi; customers use qr payments at neighbourhood merchants; ethnic wear and family apparel is relevant to the selected merchant segment."
Diwali,Deepavali; Festival of Lights,Major Hindu festival,Autumn / October-November,5-day festival period; dates vary annually,"Pan-India; especially North, West, Central India",Lucknow,"Festival of lights associated with prosperity, Lakshmi worship, family gatherings and gifting",Diyas; Lakshmi puja; rangoli; family visits; gifting,Customers compare prices and respond to bundles,Very High,7-10 days before Diwali through Diwali day,"grocery: dry fruits, sweets and festive groceries",courier/logistics,grocery store,budget-conscious shoppers,High UPI usage for small and medium tickets; cash remains relevant for local purchases,Loyalty points or wallet cashback on repeat purchases,Small instant discount for digital payment,"Geo-target Lucknow customers with festival-specific messaging for dry fruits, sweets and festive groceries; start before the peak window.","Prioritize dry fruits, sweets and festive groceries; maintain safety stock and faster replenishment during peak days.",Add 1-2 sales/counter staff during peak hours,Coordinate supplier replenishment before peak days,Price competition and promotion margin pressure,"Synthetic/example scenario: A grocery store in Lucknow sees rising dry fruits, sweets and festive groceries demand from budget-conscious shoppers customers.","Use targeted local messaging in Lucknow and promote dry fruits, sweets and festive groceries 5-7 days early",0.96,"Synthetic example: Diwali demand in Lucknow typically concentrates around 7-10 days before diwali through diwali day, with digital payments increase during peak hours; contactless/card usage for premium purchases; dry fruits, sweets and festive groceries is relevant to the selected merchant segment."
Diwali,Deepavali; Festival of Lights,Major Hindu festival,Autumn / October-November,5-day festival period; dates vary annually,"Pan-India; especially North, West, Central India",Indore,"Festival of lights associated with prosperity, Lakshmi worship, family gatherings and gifting",Diyas; Lakshmi puja; rangoli; family visits; gifting,Advance purchases rise before the main ritual day,Very High,7-10 days before Diwali through Diwali day,"electronics: smartphones, TVs and small appliances",courier/logistics,delivery merchant,young adults,High UPI usage for small and medium tickets; cash remains relevant for local purchases,Loyalty points or wallet cashback on repeat purchases,Higher loyalty points for UPI transactions,"Geo-target Indore customers with festival-specific messaging for smartphones, TVs and small appliances; start before the peak window.","Prioritize smartphones, TVs and small appliances; maintain safety stock and faster replenishment during peak days.",Add 1-2 sales/counter staff during peak hours,Increase last-mile capacity and packing material,Stockouts on fast-moving SKUs and late replenishment,"Synthetic/example scenario: A delivery merchant in Indore sees rising smartphones, TVs and small appliances demand from young adults customers.",Add temporary staff for peak hours and pre-book delivery capacity,0.88,"Synthetic example: Diwali demand in Indore typically concentrates around 7-10 days before diwali through diwali day, with high upi usage for small and medium tickets; cash remains relevant for local purchases; smartphones, TVs and small appliances is relevant to the selected merchant segment."
Diwali,Deepavali; Festival of Lights,Major Hindu festival,Autumn / October-November,5-day festival period; dates vary annually,"Pan-India; especially North, West, Central India",Delhi,"Festival of lights associated with prosperity, Lakshmi worship, family gatherings and gifting",Diyas; Lakshmi puja; rangoli; family visits; gifting,Gift-oriented and convenience-driven purchases increase,Very High,7-10 days before Diwali through Diwali day,jewellery: gold and festive jewellery,digital payments,jewellery store,local communities,Mixed cash and UPI; customers use QR payments at neighbourhood merchants,Loyalty points or wallet cashback on repeat purchases,Free add-on for orders paid digitally,Geo-target Delhi customers with festival-specific messaging for gold and festive jewellery; start before the peak window.,Prioritize gold and festive jewellery; maintain safety stock and faster replenishment during peak days.,Add packing and delivery staff for peak order windows,Increase last-mile capacity and packing material,Demand spikes causing queueing and delivery delays,Synthetic/example scenario: A jewellery store in Delhi sees rising gold and festive jewellery demand from local communities customers.,Use targeted local messaging in Delhi and promote gold and festive jewellery 5-7 days early,0.81,"Synthetic example: Diwali demand in Delhi typically concentrates around 7-10 days before diwali through diwali day, with upi dominates quick purchases; cards used for higher-value orders; gold and festive jewellery is relevant to the selected merchant segment."
Diwali,Deepavali; Festival of Lights,Major Hindu festival,Autumn / October-November,5-day festival period; dates vary annually,"Pan-India; especially North, West, Central India",Lucknow,"Festival of lights associated with prosperity, Lakshmi worship, family gatherings and gifting",Diyas; Lakshmi puja; rangoli; family visits; gifting,Customers compare prices and respond to bundles,Very High,7-10 days before Diwali through Diwali day,sweets: mithai and gift boxes,home cleaning,fashion retailer,local communities,Digital payments increase during peak hours; contactless/card usage for premium purchases,Loyalty points or wallet cashback on repeat purchases,Free add-on for orders paid digitally,Geo-target Lucknow customers with festival-specific messaging for mithai and gift boxes; start before the peak window.,Prioritize mithai and gift boxes; maintain safety stock and faster replenishment during peak days.,Add packing and delivery staff for peak order windows,Pre-book local delivery slots and optimize routes,Stockouts on fast-moving SKUs and late replenishment,Synthetic/example scenario: A fashion retailer in Lucknow sees rising mithai and gift boxes demand from local communities customers.,Add temporary staff for peak hours and pre-book delivery capacity,0.95,"Synthetic example: Diwali demand in Lucknow typically concentrates around 7-10 days before diwali through diwali day, with mixed cash and upi; customers use qr payments at neighbourhood merchants; mithai and gift boxes is relevant to the selected merchant segment."
Diwali,Deepavali; Festival of Lights,Major Hindu festival,Autumn / October-November,5-day festival period; dates vary annually,"Pan-India; especially North, West, Central India",Mumbai,"Festival of lights associated with prosperity, Lakshmi worship, family gatherings and gifting",Diyas; Lakshmi puja; rangoli; family visits; gifting,Gift-oriented and convenience-driven purchases increase,Very High,7-10 days before Diwali through Diwali day,jewellery: gold and festive jewellery,home cleaning,restaurant,tourists/travellers,Mixed cash and UPI; customers use QR payments at neighbourhood merchants,Loyalty points or wallet cashback on repeat purchases,UPI cashback or merchant-funded QR incentive,Geo-target Mumbai customers with festival-specific messaging for gold and festive jewellery; start before the peak window.,Prioritize gold and festive jewellery; maintain safety stock and faster replenishment during peak days.,"Cross-train staff for billing, packing and customer support",Pre-book local delivery slots and optimize routes,Unsold seasonal inventory after the festival,Synthetic/example scenario: A restaurant in Mumbai sees rising gold and festive jewellery demand from tourists/travellers customers.,Add temporary staff for peak hours and pre-book delivery capacity,0.84,"Synthetic example: Diwali demand in Mumbai typically concentrates around 7-10 days before diwali through diwali day, with digital payments increase during peak hours; contactless/card usage for premium purchases; gold and festive jewellery is relevant to the selected merchant segment."
Diwali,Deepavali; Festival of Lights,Major Hindu festival,Autumn / October-November,5-day festival period; dates vary annually,"Pan-India; especially North, West, Central India",Jaipur,"Festival of lights associated with prosperity, Lakshmi worship, family gatherings and gifting",Diyas; Lakshmi puja; rangoli; family visits; gifting,Peak-hour walk-ins and quick digital orders increase,Very High,Early planning window; 10-15 days before festival,"grocery: dry fruits, sweets and festive groceries",courier/logistics,jewellery store,tourists/travellers,Digital payments increase during peak hours; contactless/card usage for premium purchases,Festival bundle discount with minimum order value,UPI cashback or merchant-funded QR incentive,"Geo-target Jaipur customers with festival-specific messaging for dry fruits, sweets and festive groceries; start before the peak window.","Prioritize dry fruits, sweets and festive groceries; maintain safety stock and faster replenishment during peak days.",Add packing and delivery staff for peak order windows,Pre-book local delivery slots and optimize routes,Demand spikes causing queueing and delivery delays,"Synthetic/example scenario: A jewellery store in Jaipur sees rising dry fruits, sweets and festive groceries demand from tourists/travellers customers.","Use targeted local messaging in Jaipur and promote dry fruits, sweets and festive groceries 5-7 days early",0.9,"Synthetic example: Diwali demand in Jaipur typically concentrates around early planning window; 10-15 days before festival, with high upi usage for small and medium tickets; cash remains relevant for local purchases; dry fruits, sweets and festive groceries is relevant to the selected merchant segment."
Diwali,Deepavali; Festival of Lights,Major Hindu festival,Autumn / October-November,5-day festival period; dates vary annually,"Pan-India; especially North, West, Central India",Indore,"Festival of lights associated with prosperity, Lakshmi worship, family gatherings and gifting",Diyas; Lakshmi puja; rangoli; family visits; gifting,Advance purchases rise before the main ritual day,Very High,7-10 days before Diwali through Diwali day,jewellery: gold and festive jewellery,courier/logistics,sweet shop,budget-conscious shoppers,Digital payments increase during peak hours; contactless/card usage for premium purchases,Loyalty points or wallet cashback on repeat purchases,Higher loyalty points for UPI transactions,Geo-target Indore customers with festival-specific messaging for gold and festive jewellery; start before the peak window.,Prioritize gold and festive jewellery; maintain safety stock and faster replenishment during peak days.,Add packing and delivery staff for peak order windows,Coordinate supplier replenishment before peak days,Unsold seasonal inventory after the festival,Synthetic/example scenario: A sweet shop in Indore sees rising gold and festive jewellery demand from budget-conscious shoppers customers.,Use targeted local messaging in Indore and promote gold and festive jewellery 5-7 days early,0.89,"Synthetic example: Diwali demand in Indore typically concentrates around 7-10 days before diwali through diwali day, with upi dominates quick purchases; cards used for higher-value orders; gold and festive jewellery is relevant to the selected merchant segment."
Diwali,Deepavali; Festival of Lights,Major Hindu festival,Autumn / October-November,5-day festival period; dates vary annually,"Pan-India; especially North, West, Central India",Mumbai,"Festival of lights associated with prosperity, Lakshmi worship, family gatherings and gifting",Diyas; Lakshmi puja; rangoli; family visits; gifting,Gift-oriented and convenience-driven purchases increase,Very High,7-10 days before Diwali through Diwali day,jewellery: gold and festive jewellery,home cleaning,fashion retailer,budget-conscious shoppers,UPI dominates quick purchases; cards used for higher-value orders,5-10% category discount during peak week,Small instant discount for digital payment,Geo-target Mumbai customers with festival-specific messaging for gold and festive jewellery; start before the peak window.,Prioritize gold and festive jewellery; maintain safety stock and faster replenishment during peak days.,"Cross-train staff for billing, packing and customer support",Increase last-mile capacity and packing material,Stockouts on fast-moving SKUs and late replenishment,Synthetic/example scenario: A fashion retailer in Mumbai sees rising gold and festive jewellery demand from budget-conscious shoppers customers.,Create a festival bundle around gold and festive jewellery with a digital-payment incentive,0.84,"Synthetic example: Diwali demand in Mumbai typically concentrates around 7-10 days before diwali through diwali day, with mixed cash and upi; customers use qr payments at neighbourhood merchants; gold and festive jewellery is relevant to the selected merchant segment."
Diwali,Deepavali; Festival of Lights,Major Hindu festival,Autumn / October-November,5-day festival period; dates vary annually,"Pan-India; especially North, West, Central India",Indore,"Festival of lights associated with prosperity, Lakshmi worship, family gatherings and gifting",Diyas; Lakshmi puja; rangoli; family visits; gifting,Customers compare prices and respond to bundles,Very High,7-10 days before Diwali through Diwali day,"electronics: smartphones, TVs and small appliances",gift delivery,delivery merchant,budget-conscious shoppers,Mixed cash and UPI; customers use QR payments at neighbourhood merchants,Festival bundle discount with minimum order value,Small instant discount for digital payment,"Geo-target Indore customers with festival-specific messaging for smartphones, TVs and small appliances; start before the peak window.","Prioritize smartphones, TVs and small appliances; maintain safety stock and faster replenishment during peak days.",Add packing and delivery staff for peak order windows,Pre-book local delivery slots and optimize routes,Demand spikes causing queueing and delivery delays,"Synthetic/example scenario: A delivery merchant in Indore sees rising smartphones, TVs and small appliances demand from budget-conscious shoppers customers.",Add temporary staff for peak hours and pre-book delivery capacity,0.82,"Synthetic example: Diwali demand in Indore typically concentrates around 7-10 days before diwali through diwali day, with digital payments increase during peak hours; contactless/card usage for premium purchases; smartphones, TVs and small appliances is relevant to the selected merchant segment."
Diwali,Deepavali; Festival of Lights,Major Hindu festival,Autumn / October-November,5-day festival period; dates vary annually,"Pan-India; especially North, West, Central India",Lucknow,"Festival of lights associated with prosperity, Lakshmi worship, family gatherings and gifting",Diyas; Lakshmi puja; rangoli; family visits; gifting,Peak-hour walk-ins and quick digital orders increase,Very High,7-10 days before Diwali through Diwali day,"grocery: dry fruits, sweets and festive groceries",digital payments,fashion retailer,migrant households,Digital payments increase during peak hours; contactless/card usage for premium purchases,Free delivery above a threshold,Higher loyalty points for UPI transactions,"Geo-target Lucknow customers with festival-specific messaging for dry fruits, sweets and festive groceries; start before the peak window.","Prioritize dry fruits, sweets and festive groceries; maintain safety stock and faster replenishment during peak days.",Add 1-2 sales/counter staff during peak hours,Pre-book local delivery slots and optimize routes,Stockouts on fast-moving SKUs and late replenishment,"Synthetic/example scenario: A fashion retailer in Lucknow sees rising dry fruits, sweets and festive groceries demand from migrant households customers.","Increase dry fruits, sweets and festive groceries inventory by 20-35% and set a daily reorder threshold",0.89,"Synthetic example: Diwali demand in Lucknow typically concentrates around 7-10 days before diwali through diwali day, with high upi usage for small and medium tickets; cash remains relevant for local purchases; dry fruits, sweets and festive groceries is relevant to the selected merchant segment."
Diwali,Deepavali; Festival of Lights,Major Hindu festival,Autumn / October-November,5-day festival period; dates vary annually,"Pan-India; especially North, West, Central India",Ahmedabad,"Festival of lights associated with prosperity, Lakshmi worship, family gatherings and gifting",Diyas; Lakshmi puja; rangoli; family visits; gifting,Bulk buying and family-oriented shopping increases,Very High,7-10 days before Diwali through Diwali day,"electronics: smartphones, TVs and small appliances",digital payments,neighbourhood retailer,young adults,UPI dominates quick purchases; cards used for higher-value orders,5-10% category discount during peak week,Higher loyalty points for UPI transactions,"Geo-target Ahmedabad customers with festival-specific messaging for smartphones, TVs and small appliances; start before the peak window.","Prioritize smartphones, TVs and small appliances; maintain safety stock and faster replenishment during peak days.",Add 1-2 sales/counter staff during peak hours,Pre-book local delivery slots and optimize routes,Price competition and promotion margin pressure,"Synthetic/example scenario: A neighbourhood retailer in Ahmedabad sees rising smartphones, TVs and small appliances demand from young adults customers.","Increase smartphones, TVs and small appliances inventory by 20-35% and set a daily reorder threshold",0.89,"Synthetic example: Diwali demand in Ahmedabad typically concentrates around 7-10 days before diwali through diwali day, with upi dominates quick purchases; cards used for higher-value orders; smartphones, TVs and small appliances is relevant to the selected merchant segment."
Diwali,Deepavali; Festival of Lights,Major Hindu festival,Autumn / October-November,5-day festival period; dates vary annually,"Pan-India; especially North, West, Central India",Lucknow,"Festival of lights associated with prosperity, Lakshmi worship, family gatherings and gifting",Diyas; Lakshmi puja; rangoli; family visits; gifting,Advance purchases rise before the main ritual day,Very High,7-10 days before Diwali through Diwali day,"grocery: dry fruits, sweets and festive groceries",courier/logistics,jewellery store,premium shoppers,Digital payments increase during peak hours; contactless/card usage for premium purchases,Buy-more-save-more on festive essentials,UPI cashback or merchant-funded QR incentive,"Geo-target Lucknow customers with festival-specific messaging for dry fruits, sweets and festive groceries; start before the peak window.","Prioritize dry fruits, sweets and festive groceries; maintain safety stock and faster replenishment during peak days.","Cross-train staff for billing, packing and customer support",Coordinate supplier replenishment before peak days,Price competition and promotion margin pressure,"Synthetic/example scenario: A jewellery store in Lucknow sees rising dry fruits, sweets and festive groceries demand from premium shoppers customers.","Use targeted local messaging in Lucknow and promote dry fruits, sweets and festive groceries 5-7 days early",0.95,"Synthetic example: Diwali demand in Lucknow typically concentrates around 7-10 days before diwali through diwali day, with mixed cash and upi; customers use qr payments at neighbourhood merchants; dry fruits, sweets and festive groceries is relevant to the selected merchant segment."
Diwali,Deepavali; Festival of Lights,Major Hindu festival,Autumn / October-November,5-day festival period; dates vary annually,"Pan-India; especially North, West, Central India",Jaipur,"Festival of lights associated with prosperity, Lakshmi worship, family gatherings and gifting",Diyas; Lakshmi puja; rangoli; family visits; gifting,Bulk buying and family-oriented shopping increases,Very High,7-10 days before Diwali through Diwali day,"grocery: dry fruits, sweets and festive groceries",gift delivery,sweet shop,budget-conscious shoppers,UPI dominates quick purchases; cards used for higher-value orders,Festival bundle discount with minimum order value,Free add-on for orders paid digitally,"Geo-target Jaipur customers with festival-specific messaging for dry fruits, sweets and festive groceries; start before the peak window.","Prioritize dry fruits, sweets and festive groceries; maintain safety stock and faster replenishment during peak days.",Add packing and delivery staff for peak order windows,Coordinate supplier replenishment before peak days,Demand spikes causing queueing and delivery delays,"Synthetic/example scenario: A sweet shop in Jaipur sees rising dry fruits, sweets and festive groceries demand from budget-conscious shoppers customers.","Create a festival bundle around dry fruits, sweets and festive groceries with a digital-payment incentive",0.81,"Synthetic example: Diwali demand in Jaipur typically concentrates around 7-10 days before diwali through diwali day, with digital payments increase during peak hours; contactless/card usage for premium purchases; dry fruits, sweets and festive groceries is relevant to the selected merchant segment."
Chhath Puja,Chhath; Chhath Parv; Surya Shashti,Major regional Hindu festival,Autumn / October-November,4-day festival; dates vary annually,Bihar; Jharkhand; Eastern Uttar Pradesh; migrant communities nationwide,Varanasi,"Sun worship and thanksgiving centered on family wellbeing, purity and community observance",Nahay Khay; Kharna; evening and morning arghya; fasting; offerings,Peak-hour walk-ins and quick digital orders increase,Very High,Early planning window; 10-15 days before festival,travel: rail/bus/last-mile travel,local delivery,fashion retailer,families,High UPI usage for small and medium tickets; cash remains relevant for local purchases,5-10% category discount during peak week,Higher loyalty points for UPI transactions,Geo-target Varanasi customers with festival-specific messaging for rail/bus/last-mile travel; start before the peak window.,Prioritize rail/bus/last-mile travel; maintain safety stock and faster replenishment during peak days.,"Cross-train staff for billing, packing and customer support",Coordinate supplier replenishment before peak days,Unsold seasonal inventory after the festival,Synthetic/example scenario: A fashion retailer in Varanasi sees rising rail/bus/last-mile travel demand from families customers.,Add temporary staff for peak hours and pre-book delivery capacity,0.91,"Synthetic example: Chhath Puja demand in Varanasi typically concentrates around early planning window; 10-15 days before festival, with high upi usage for small and medium tickets; cash remains relevant for local purchases; rail/bus/last-mile travel is relevant to the selected merchant segment."
Chhath Puja,Chhath; Chhath Parv; Surya Shashti,Major regional Hindu festival,Autumn / October-November,4-day festival; dates vary annually,Bihar; Jharkhand; Eastern Uttar Pradesh; migrant communities nationwide,Gaya,"Sun worship and thanksgiving centered on family wellbeing, purity and community observance",Nahay Khay; Kharna; evening and morning arghya; fasting; offerings,Customers compare prices and respond to bundles,High,2-4 days before Chhath and morning/evening arghya windows,"home: bamboo baskets, diyas and puja items",digital payments,jewellery store,young adults,High UPI usage for small and medium tickets; cash remains relevant for local purchases,Festival bundle discount with minimum order value,Small instant discount for digital payment,"Geo-target Gaya customers with festival-specific messaging for bamboo baskets, diyas and puja items; start before the peak window.","Prioritize bamboo baskets, diyas and puja items; maintain safety stock and faster replenishment during peak days.",Add packing and delivery staff for peak order windows,Coordinate supplier replenishment before peak days,Demand spikes causing queueing and delivery delays,"Synthetic/example scenario: A jewellery store in Gaya sees rising bamboo baskets, diyas and puja items demand from young adults customers.","Create a festival bundle around bamboo baskets, diyas and puja items with a digital-payment incentive",0.95,"Synthetic example: Chhath Puja demand in Gaya typically concentrates around 2-4 days before chhath and morning/evening arghya windows, with upi dominates quick purchases; cards used for higher-value orders; bamboo baskets, diyas and puja items is relevant to the selected merchant segment."
Chhath Puja,Chhath; Chhath Parv; Surya Shashti,Major regional Hindu festival,Autumn / October-November,4-day festival; dates vary annually,Bihar; Jharkhand; Eastern Uttar Pradesh; migrant communities nationwide,Delhi-NCR,"Sun worship and thanksgiving centered on family wellbeing, purity and community observance",Nahay Khay; Kharna; evening and morning arghya; fasting; offerings,Advance purchases rise before the main ritual day,High,2-4 days before Chhath and morning/evening arghya windows,"home: bamboo baskets, diyas and puja items",travel booking,fashion retailer,tourists/travellers,Digital payments increase during peak hours; contactless/card usage for premium purchases,Free delivery above a threshold,UPI cashback or merchant-funded QR incentive,"Geo-target Delhi-NCR customers with festival-specific messaging for bamboo baskets, diyas and puja items; start before the peak window.","Prioritize bamboo baskets, diyas and puja items; maintain safety stock and faster replenishment during peak days.","Cross-train staff for billing, packing and customer support",Pre-book local delivery slots and optimize routes,Price competition and promotion margin pressure,"Synthetic/example scenario: A fashion retailer in Delhi-NCR sees rising bamboo baskets, diyas and puja items demand from tourists/travellers customers.",Add temporary staff for peak hours and pre-book delivery capacity,0.91,"Synthetic example: Chhath Puja demand in Delhi-NCR typically concentrates around 2-4 days before chhath and morning/evening arghya windows, with mixed cash and upi; customers use qr payments at neighbourhood merchants; bamboo baskets, diyas and puja items is relevant to the selected merchant segment."
Chhath Puja,Chhath; Chhath Parv; Surya Shashti,Major regional Hindu festival,Autumn / October-November,4-day festival; dates vary annually,Bihar; Jharkhand; Eastern Uttar Pradesh; migrant communities nationwide,Muzaffarpur,"Sun worship and thanksgiving centered on family wellbeing, purity and community observance",Nahay Khay; Kharna; evening and morning arghya; fasting; offerings,Gift-oriented and convenience-driven purchases increase,High,2-4 days before Chhath and morning/evening arghya windows,sweets: thekua and prasad,travel booking,electronics retailer,budget-conscious shoppers,High UPI usage for small and medium tickets; cash remains relevant for local purchases,Buy-more-save-more on festive essentials,UPI cashback or merchant-funded QR incentive,Geo-target Muzaffarpur customers with festival-specific messaging for thekua and prasad; start before the peak window.,Prioritize thekua and prasad; maintain safety stock and faster replenishment during peak days.,Add 1-2 sales/counter staff during peak hours,Increase last-mile capacity and packing material,Stockouts on fast-moving SKUs and late replenishment,Synthetic/example scenario: A electronics retailer in Muzaffarpur sees rising thekua and prasad demand from budget-conscious shoppers customers.,Create a festival bundle around thekua and prasad with a digital-payment incentive,0.96,"Synthetic example: Chhath Puja demand in Muzaffarpur typically concentrates around 2-4 days before chhath and morning/evening arghya windows, with digital payments increase during peak hours; contactless/card usage for premium purchases; thekua and prasad is relevant to the selected merchant segment."
Chhath Puja,Chhath; Chhath Parv; Surya Shashti,Major regional Hindu festival,Autumn / October-November,4-day festival; dates vary annually,Bihar; Jharkhand; Eastern Uttar Pradesh; migrant communities nationwide,Muzaffarpur,"Sun worship and thanksgiving centered on family wellbeing, purity and community observance",Nahay Khay; Kharna; evening and morning arghya; fasting; offerings,Peak-hour walk-ins and quick digital orders increase,High,2-4 days before Chhath and morning/evening arghya windows,travel: rail/bus/last-mile travel,local delivery,travel operator,budget-conscious shoppers,High UPI usage for small and medium tickets; cash remains relevant for local purchases,Free delivery above a threshold,Higher loyalty points for UPI transactions,Geo-target Muzaffarpur customers with festival-specific messaging for rail/bus/last-mile travel; start before the peak window.,Prioritize rail/bus/last-mile travel; maintain safety stock and faster replenishment during peak days.,Add packing and delivery staff for peak order windows,Increase last-mile capacity and packing material,Cash-handling and reconciliation issues during peak hours,Synthetic/example scenario: A travel operator in Muzaffarpur sees rising rail/bus/last-mile travel demand from budget-conscious shoppers customers.,Use targeted local messaging in Muzaffarpur and promote rail/bus/last-mile travel 5-7 days early,0.9,"Synthetic example: Chhath Puja demand in Muzaffarpur typically concentrates around 2-4 days before chhath and morning/evening arghya windows, with high upi usage for small and medium tickets; cash remains relevant for local purchases; rail/bus/last-mile travel is relevant to the selected merchant segment."
Chhath Puja,Chhath; Chhath Parv; Surya Shashti,Major regional Hindu festival,Autumn / October-November,4-day festival; dates vary annually,Bihar; Jharkhand; Eastern Uttar Pradesh; migrant communities nationwide,Muzaffarpur,"Sun worship and thanksgiving centered on family wellbeing, purity and community observance",Nahay Khay; Kharna; evening and morning arghya; fasting; offerings,Peak-hour walk-ins and quick digital orders increase,High,2-4 days before Chhath and morning/evening arghya windows,fashion: traditional clothing,puja supply delivery,neighbourhood retailer,migrant households,High UPI usage for small and medium tickets; cash remains relevant for local purchases,Free delivery above a threshold,UPI cashback or merchant-funded QR incentive,Geo-target Muzaffarpur customers with festival-specific messaging for traditional clothing; start before the peak window.,Prioritize traditional clothing; maintain safety stock and faster replenishment during peak days.,Add packing and delivery staff for peak order windows,Increase last-mile capacity and packing material,Price competition and promotion margin pressure,Synthetic/example scenario: A neighbourhood retailer in Muzaffarpur sees rising traditional clothing demand from migrant households customers.,Use targeted local messaging in Muzaffarpur and promote traditional clothing 5-7 days early,0.83,"Synthetic example: Chhath Puja demand in Muzaffarpur typically concentrates around 2-4 days before chhath and morning/evening arghya windows, with upi dominates quick purchases; cards used for higher-value orders; traditional clothing is relevant to the selected merchant segment."
Chhath Puja,Chhath; Chhath Parv; Surya Shashti,Major regional Hindu festival,Autumn / October-November,4-day festival; dates vary annually,Bihar; Jharkhand; Eastern Uttar Pradesh; migrant communities nationwide,Patna,"Sun worship and thanksgiving centered on family wellbeing, purity and community observance",Nahay Khay; Kharna; evening and morning arghya; fasting; offerings,Gift-oriented and convenience-driven purchases increase,High,2-4 days before Chhath and morning/evening arghya windows,fashion: traditional clothing,digital payments,jewellery store,families,Mixed cash and UPI; customers use QR payments at neighbourhood merchants,Loyalty points or wallet cashback on repeat purchases,Free add-on for orders paid digitally,Geo-target Patna customers with festival-specific messaging for traditional clothing; start before the peak window.,Prioritize traditional clothing; maintain safety stock and faster replenishment during peak days.,"Cross-train staff for billing, packing and customer support",Increase last-mile capacity and packing material,Price competition and promotion margin pressure,Synthetic/example scenario: A jewellery store in Patna sees rising traditional clothing demand from families customers.,Use targeted local messaging in Patna and promote traditional clothing 5-7 days early,0.79,"Synthetic example: Chhath Puja demand in Patna typically concentrates around 2-4 days before chhath and morning/evening arghya windows, with mixed cash and upi; customers use qr payments at neighbourhood merchants; traditional clothing is relevant to the selected merchant segment."
Chhath Puja,Chhath; Chhath Parv; Surya Shashti,Major regional Hindu festival,Autumn / October-November,4-day festival; dates vary annually,Bihar; Jharkhand; Eastern Uttar Pradesh; migrant communities nationwide,Gaya,"Sun worship and thanksgiving centered on family wellbeing, purity and community observance",Nahay Khay; Kharna; evening and morning arghya; fasting; offerings,Gift-oriented and convenience-driven purchases increase,High,2-4 days before Chhath and morning/evening arghya windows,"grocery: thekua ingredients, fruits and puja staples",puja supply delivery,fashion retailer,migrant households,UPI dominates quick purchases; cards used for higher-value orders,5-10% category discount during peak week,Higher loyalty points for UPI transactions,"Geo-target Gaya customers with festival-specific messaging for thekua ingredients, fruits and puja staples; start before the peak window.","Prioritize thekua ingredients, fruits and puja staples; maintain safety stock and faster replenishment during peak days.","Cross-train staff for billing, packing and customer support",Pre-book local delivery slots and optimize routes,Price competition and promotion margin pressure,"Synthetic/example scenario: A fashion retailer in Gaya sees rising thekua ingredients, fruits and puja staples demand from migrant households customers.","Use targeted local messaging in Gaya and promote thekua ingredients, fruits and puja staples 5-7 days early",0.8,"Synthetic example: Chhath Puja demand in Gaya typically concentrates around 2-4 days before chhath and morning/evening arghya windows, with digital payments increase during peak hours; contactless/card usage for premium purchases; thekua ingredients, fruits and puja staples is relevant to the selected merchant segment."
Chhath Puja,Chhath; Chhath Parv; Surya Shashti,Major regional Hindu festival,Autumn / October-November,4-day festival; dates vary annually,Bihar; Jharkhand; Eastern Uttar Pradesh; migrant communities nationwide,Varanasi,"Sun worship and thanksgiving centered on family wellbeing, purity and community observance",Nahay Khay; Kharna; evening and morning arghya; fasting; offerings,Customers compare prices and respond to bundles,High,2-4 days before Chhath and morning/evening arghya windows,travel: rail/bus/last-mile travel,travel booking,neighbourhood retailer,premium shoppers,Digital payments increase during peak hours; contactless/card usage for premium purchases,Buy-more-save-more on festive essentials,Higher loyalty points for UPI transactions,Geo-target Varanasi customers with festival-specific messaging for rail/bus/last-mile travel; start before the peak window.,Prioritize rail/bus/last-mile travel; maintain safety stock and faster replenishment during peak days.,Add packing and delivery staff for peak order windows,Increase last-mile capacity and packing material,Price competition and promotion margin pressure,Synthetic/example scenario: A neighbourhood retailer in Varanasi sees rising rail/bus/last-mile travel demand from premium shoppers customers.,Increase rail/bus/last-mile travel inventory by 20-35% and set a daily reorder threshold,0.9,"Synthetic example: Chhath Puja demand in Varanasi typically concentrates around 2-4 days before chhath and morning/evening arghya windows, with high upi usage for small and medium tickets; cash remains relevant for local purchases; rail/bus/last-mile travel is relevant to the selected merchant segment."
Chhath Puja,Chhath; Chhath Parv; Surya Shashti,Major regional Hindu festival,Autumn / October-November,4-day festival; dates vary annually,Bihar; Jharkhand; Eastern Uttar Pradesh; migrant communities nationwide,Gaya,"Sun worship and thanksgiving centered on family wellbeing, purity and community observance",Nahay Khay; Kharna; evening and morning arghya; fasting; offerings,Customers compare prices and respond to bundles,High,2-4 days before Chhath and morning/evening arghya windows,sweets: thekua and prasad,courier/logistics,travel operator,migrant households,High UPI usage for small and medium tickets; cash remains relevant for local purchases,Buy-more-save-more on festive essentials,Free add-on for orders paid digitally,Geo-target Gaya customers with festival-specific messaging for thekua and prasad; start before the peak window.,Prioritize thekua and prasad; maintain safety stock and faster replenishment during peak days.,Add packing and delivery staff for peak order windows,Coordinate supplier replenishment before peak days,Demand spikes causing queueing and delivery delays,Synthetic/example scenario: A travel operator in Gaya sees rising thekua and prasad demand from migrant households customers.,Offer a minimum-order free-delivery threshold and track hourly demand,0.88,"Synthetic example: Chhath Puja demand in Gaya typically concentrates around 2-4 days before chhath and morning/evening arghya windows, with upi dominates quick purchases; cards used for higher-value orders; thekua and prasad is relevant to the selected merchant segment."
Chhath Puja,Chhath; Chhath Parv; Surya Shashti,Major regional Hindu festival,Autumn / October-November,4-day festival; dates vary annually,Bihar; Jharkhand; Eastern Uttar Pradesh; migrant communities nationwide,Patna,"Sun worship and thanksgiving centered on family wellbeing, purity and community observance",Nahay Khay; Kharna; evening and morning arghya; fasting; offerings,Peak-hour walk-ins and quick digital orders increase,Very High,2-4 days before Chhath and morning/evening arghya windows,fashion: traditional clothing,digital payments,fashion retailer,budget-conscious shoppers,Digital payments increase during peak hours; contactless/card usage for premium purchases,Buy-more-save-more on festive essentials,Higher loyalty points for UPI transactions,Geo-target Patna customers with festival-specific messaging for traditional clothing; start before the peak window.,Prioritize traditional clothing; maintain safety stock and faster replenishment during peak days.,"Cross-train staff for billing, packing and customer support",Coordinate supplier replenishment before peak days,Cash-handling and reconciliation issues during peak hours,Synthetic/example scenario: A fashion retailer in Patna sees rising traditional clothing demand from budget-conscious shoppers customers.,Use targeted local messaging in Patna and promote traditional clothing 5-7 days early,0.94,"Synthetic example: Chhath Puja demand in Patna typically concentrates around 2-4 days before chhath and morning/evening arghya windows, with mixed cash and upi; customers use qr payments at neighbourhood merchants; traditional clothing is relevant to the selected merchant segment."
Chhath Puja,Chhath; Chhath Parv; Surya Shashti,Major regional Hindu festival,Autumn / October-November,4-day festival; dates vary annually,Bihar; Jharkhand; Eastern Uttar Pradesh; migrant communities nationwide,Varanasi,"Sun worship and thanksgiving centered on family wellbeing, purity and community observance",Nahay Khay; Kharna; evening and morning arghya; fasting; offerings,Peak-hour walk-ins and quick digital orders increase,High,2-4 days before Chhath and morning/evening arghya windows,sweets: thekua and prasad,local delivery,electronics retailer,premium shoppers,High UPI usage for small and medium tickets; cash remains relevant for local purchases,Buy-more-save-more on festive essentials,Free add-on for orders paid digitally,Geo-target Varanasi customers with festival-specific messaging for thekua and prasad; start before the peak window.,Prioritize thekua and prasad; maintain safety stock and faster replenishment during peak days.,"Cross-train staff for billing, packing and customer support",Increase last-mile capacity and packing material,Cash-handling and reconciliation issues during peak hours,Synthetic/example scenario: A electronics retailer in Varanasi sees rising thekua and prasad demand from premium shoppers customers.,Use targeted local messaging in Varanasi and promote thekua and prasad 5-7 days early,0.82,"Synthetic example: Chhath Puja demand in Varanasi typically concentrates around 2-4 days before chhath and morning/evening arghya windows, with digital payments increase during peak hours; contactless/card usage for premium purchases; thekua and prasad is relevant to the selected merchant segment."
Chhath Puja,Chhath; Chhath Parv; Surya Shashti,Major regional Hindu festival,Autumn / October-November,4-day festival; dates vary annually,Bihar; Jharkhand; Eastern Uttar Pradesh; migrant communities nationwide,Muzaffarpur,"Sun worship and thanksgiving centered on family wellbeing, purity and community observance",Nahay Khay; Kharna; evening and morning arghya; fasting; offerings,Advance purchases rise before the main ritual day,High,2-4 days before Chhath and morning/evening arghya windows,sweets: thekua and prasad,travel booking,restaurant,tourists/travellers,High UPI usage for small and medium tickets; cash remains relevant for local purchases,Free delivery above a threshold,UPI cashback or merchant-funded QR incentive,Geo-target Muzaffarpur customers with festival-specific messaging for thekua and prasad; start before the peak window.,Prioritize thekua and prasad; maintain safety stock and faster replenishment during peak days.,"Cross-train staff for billing, packing and customer support",Increase last-mile capacity and packing material,Demand spikes causing queueing and delivery delays,Synthetic/example scenario: A restaurant in Muzaffarpur sees rising thekua and prasad demand from tourists/travellers customers.,Offer a minimum-order free-delivery threshold and track hourly demand,0.96,"Synthetic example: Chhath Puja demand in Muzaffarpur typically concentrates around 2-4 days before chhath and morning/evening arghya windows, with high upi usage for small and medium tickets; cash remains relevant for local purchases; thekua and prasad is relevant to the selected merchant segment."
Chhath Puja,Chhath; Chhath Parv; Surya Shashti,Major regional Hindu festival,Autumn / October-November,4-day festival; dates vary annually,Bihar; Jharkhand; Eastern Uttar Pradesh; migrant communities nationwide,Muzaffarpur,"Sun worship and thanksgiving centered on family wellbeing, purity and community observance",Nahay Khay; Kharna; evening and morning arghya; fasting; offerings,Advance purchases rise before the main ritual day,High,Early planning window; 10-15 days before festival,"grocery: thekua ingredients, fruits and puja staples",local delivery,restaurant,office-goers,Mixed cash and UPI; customers use QR payments at neighbourhood merchants,Loyalty points or wallet cashback on repeat purchases,Free add-on for orders paid digitally,"Geo-target Muzaffarpur customers with festival-specific messaging for thekua ingredients, fruits and puja staples; start before the peak window.","Prioritize thekua ingredients, fruits and puja staples; maintain safety stock and faster replenishment during peak days.","Cross-train staff for billing, packing and customer support",Pre-book local delivery slots and optimize routes,Stockouts on fast-moving SKUs and late replenishment,"Synthetic/example scenario: A restaurant in Muzaffarpur sees rising thekua ingredients, fruits and puja staples demand from office-goers customers.","Use targeted local messaging in Muzaffarpur and promote thekua ingredients, fruits and puja staples 5-7 days early",0.93,"Synthetic example: Chhath Puja demand in Muzaffarpur typically concentrates around early planning window; 10-15 days before festival, with upi dominates quick purchases; cards used for higher-value orders; thekua ingredients, fruits and puja staples is relevant to the selected merchant segment."
Chhath Puja,Chhath; Chhath Parv; Surya Shashti,Major regional Hindu festival,Autumn / October-November,4-day festival; dates vary annually,Bihar; Jharkhand; Eastern Uttar Pradesh; migrant communities nationwide,Muzaffarpur,"Sun worship and thanksgiving centered on family wellbeing, purity and community observance",Nahay Khay; Kharna; evening and morning arghya; fasting; offerings,Bulk buying and family-oriented shopping increases,High,2-4 days before Chhath and morning/evening arghya windows,fashion: traditional clothing,puja supply delivery,home-services provider,office-goers,UPI dominates quick purchases; cards used for higher-value orders,Buy-more-save-more on festive essentials,Small instant discount for digital payment,Geo-target Muzaffarpur customers with festival-specific messaging for traditional clothing; start before the peak window.,Prioritize traditional clothing; maintain safety stock and faster replenishment during peak days.,"Cross-train staff for billing, packing and customer support",Pre-book local delivery slots and optimize routes,Price competition and promotion margin pressure,Synthetic/example scenario: A home-services provider in Muzaffarpur sees rising traditional clothing demand from office-goers customers.,Offer a minimum-order free-delivery threshold and track hourly demand,0.79,"Synthetic example: Chhath Puja demand in Muzaffarpur typically concentrates around 2-4 days before chhath and morning/evening arghya windows, with mixed cash and upi; customers use qr payments at neighbourhood merchants; traditional clothing is relevant to the selected merchant segment."
Chhath Puja,Chhath; Chhath Parv; Surya Shashti,Major regional Hindu festival,Autumn / October-November,4-day festival; dates vary annually,Bihar; Jharkhand; Eastern Uttar Pradesh; migrant communities nationwide,Patna,"Sun worship and thanksgiving centered on family wellbeing, purity and community observance",Nahay Khay; Kharna; evening and morning arghya; fasting; offerings,Bulk buying and family-oriented shopping increases,High,2-4 days before Chhath and morning/evening arghya windows,sweets: thekua and prasad,local delivery,neighbourhood retailer,tourists/travellers,Mixed cash and UPI; customers use QR payments at neighbourhood merchants,Buy-more-save-more on festive essentials,Higher loyalty points for UPI transactions,Geo-target Patna customers with festival-specific messaging for thekua and prasad; start before the peak window.,Prioritize thekua and prasad; maintain safety stock and faster replenishment during peak days.,Add packing and delivery staff for peak order windows,Pre-book local delivery slots and optimize routes,Unsold seasonal inventory after the festival,Synthetic/example scenario: A neighbourhood retailer in Patna sees rising thekua and prasad demand from tourists/travellers customers.,Increase thekua and prasad inventory by 20-35% and set a daily reorder threshold,0.79,"Synthetic example: Chhath Puja demand in Patna typically concentrates around 2-4 days before chhath and morning/evening arghya windows, with digital payments increase during peak hours; contactless/card usage for premium purchases; thekua and prasad is relevant to the selected merchant segment."
Chhath Puja,Chhath; Chhath Parv; Surya Shashti,Major regional Hindu festival,Autumn / October-November,4-day festival; dates vary annually,Bihar; Jharkhand; Eastern Uttar Pradesh; migrant communities nationwide,Delhi-NCR,"Sun worship and thanksgiving centered on family wellbeing, purity and community observance",Nahay Khay; Kharna; evening and morning arghya; fasting; offerings,Peak-hour walk-ins and quick digital orders increase,High,2-4 days before Chhath and morning/evening arghya windows,grocery: seasonal fruits and sugarcane,local delivery,jewellery store,migrant households,UPI dominates quick purchases; cards used for higher-value orders,Free delivery above a threshold,Small instant discount for digital payment,Geo-target Delhi-NCR customers with festival-specific messaging for seasonal fruits and sugarcane; start before the peak window.,Prioritize seasonal fruits and sugarcane; maintain safety stock and faster replenishment during peak days.,Add 1-2 sales/counter staff during peak hours,Increase last-mile capacity and packing material,Demand spikes causing queueing and delivery delays,Synthetic/example scenario: A jewellery store in Delhi-NCR sees rising seasonal fruits and sugarcane demand from migrant households customers.,Increase seasonal fruits and sugarcane inventory by 20-35% and set a daily reorder threshold,0.9,"Synthetic example: Chhath Puja demand in Delhi-NCR typically concentrates around 2-4 days before chhath and morning/evening arghya windows, with high upi usage for small and medium tickets; cash remains relevant for local purchases; seasonal fruits and sugarcane is relevant to the selected merchant segment."
Chhath Puja,Chhath; Chhath Parv; Surya Shashti,Major regional Hindu festival,Autumn / October-November,4-day festival; dates vary annually,Bihar; Jharkhand; Eastern Uttar Pradesh; migrant communities nationwide,Ranchi,"Sun worship and thanksgiving centered on family wellbeing, purity and community observance",Nahay Khay; Kharna; evening and morning arghya; fasting; offerings,Customers compare prices and respond to bundles,High,2-4 days before Chhath and morning/evening arghya windows,"home: bamboo baskets, diyas and puja items",travel booking,travel operator,budget-conscious shoppers,High UPI usage for small and medium tickets; cash remains relevant for local purchases,Free delivery above a threshold,Higher loyalty points for UPI transactions,"Geo-target Ranchi customers with festival-specific messaging for bamboo baskets, diyas and puja items; start before the peak window.","Prioritize bamboo baskets, diyas and puja items; maintain safety stock and faster replenishment during peak days.","Cross-train staff for billing, packing and customer support",Increase last-mile capacity and packing material,Price competition and promotion margin pressure,"Synthetic/example scenario: A travel operator in Ranchi sees rising bamboo baskets, diyas and puja items demand from budget-conscious shoppers customers.",Add temporary staff for peak hours and pre-book delivery capacity,0.91,"Synthetic example: Chhath Puja demand in Ranchi typically concentrates around 2-4 days before chhath and morning/evening arghya windows, with upi dominates quick purchases; cards used for higher-value orders; bamboo baskets, diyas and puja items is relevant to the selected merchant segment."
Chhath Puja,Chhath; Chhath Parv; Surya Shashti,Major regional Hindu festival,Autumn / October-November,4-day festival; dates vary annually,Bihar; Jharkhand; Eastern Uttar Pradesh; migrant communities nationwide,Varanasi,"Sun worship and thanksgiving centered on family wellbeing, purity and community observance",Nahay Khay; Kharna; evening and morning arghya; fasting; offerings,Bulk buying and family-oriented shopping increases,High,2-4 days before Chhath and morning/evening arghya windows,"home: bamboo baskets, diyas and puja items",puja supply delivery,fashion retailer,tourists/travellers,UPI dominates quick purchases; cards used for higher-value orders,Free delivery above a threshold,Higher loyalty points for UPI transactions,"Geo-target Varanasi customers with festival-specific messaging for bamboo baskets, diyas and puja items; start before the peak window.","Prioritize bamboo baskets, diyas and puja items; maintain safety stock and faster replenishment during peak days.","Cross-train staff for billing, packing and customer support",Increase last-mile capacity and packing material,Demand spikes causing queueing and delivery delays,"Synthetic/example scenario: A fashion retailer in Varanasi sees rising bamboo baskets, diyas and puja items demand from tourists/travellers customers.","Use targeted local messaging in Varanasi and promote bamboo baskets, diyas and puja items 5-7 days early",0.94,"Synthetic example: Chhath Puja demand in Varanasi typically concentrates around 2-4 days before chhath and morning/evening arghya windows, with mixed cash and upi; customers use qr payments at neighbourhood merchants; bamboo baskets, diyas and puja items is relevant to the selected merchant segment."
Chhath Puja,Chhath; Chhath Parv; Surya Shashti,Major regional Hindu festival,Autumn / October-November,4-day festival; dates vary annually,Bihar; Jharkhand; Eastern Uttar Pradesh; migrant communities nationwide,Ranchi,"Sun worship and thanksgiving centered on family wellbeing, purity and community observance",Nahay Khay; Kharna; evening and morning arghya; fasting; offerings,Bulk buying and family-oriented shopping increases,High,2-4 days before Chhath and morning/evening arghya windows,"home: bamboo baskets, diyas and puja items",puja supply delivery,grocery store,office-goers,Digital payments increase during peak hours; contactless/card usage for premium purchases,Buy-more-save-more on festive essentials,Small instant discount for digital payment,"Geo-target Ranchi customers with festival-specific messaging for bamboo baskets, diyas and puja items; start before the peak window.","Prioritize bamboo baskets, diyas and puja items; maintain safety stock and faster replenishment during peak days.","Cross-train staff for billing, packing and customer support",Increase last-mile capacity and packing material,Stockouts on fast-moving SKUs and late replenishment,"Synthetic/example scenario: A grocery store in Ranchi sees rising bamboo baskets, diyas and puja items demand from office-goers customers.",Offer a minimum-order free-delivery threshold and track hourly demand,0.94,"Synthetic example: Chhath Puja demand in Ranchi typically concentrates around 2-4 days before chhath and morning/evening arghya windows, with digital payments increase during peak hours; contactless/card usage for premium purchases; bamboo baskets, diyas and puja items is relevant to the selected merchant segment."
Chhath Puja,Chhath; Chhath Parv; Surya Shashti,Major regional Hindu festival,Autumn / October-November,4-day festival; dates vary annually,Bihar; Jharkhand; Eastern Uttar Pradesh; migrant communities nationwide,Muzaffarpur,"Sun worship and thanksgiving centered on family wellbeing, purity and community observance",Nahay Khay; Kharna; evening and morning arghya; fasting; offerings,Peak-hour walk-ins and quick digital orders increase,Very High,2-4 days before Chhath and morning/evening arghya windows,grocery: seasonal fruits and sugarcane,local delivery,sweet shop,budget-conscious shoppers,High UPI usage for small and medium tickets; cash remains relevant for local purchases,Loyalty points or wallet cashback on repeat purchases,Higher loyalty points for UPI transactions,Geo-target Muzaffarpur customers with festival-specific messaging for seasonal fruits and sugarcane; start before the peak window.,Prioritize seasonal fruits and sugarcane; maintain safety stock and faster replenishment during peak days.,"Cross-train staff for billing, packing and customer support",Pre-book local delivery slots and optimize routes,Stockouts on fast-moving SKUs and late replenishment,Synthetic/example scenario: A sweet shop in Muzaffarpur sees rising seasonal fruits and sugarcane demand from budget-conscious shoppers customers.,Increase seasonal fruits and sugarcane inventory by 20-35% and set a daily reorder threshold,0.84,"Synthetic example: Chhath Puja demand in Muzaffarpur typically concentrates around 2-4 days before chhath and morning/evening arghya windows, with high upi usage for small and medium tickets; cash remains relevant for local purchases; seasonal fruits and sugarcane is relevant to the selected merchant segment."
Chhath Puja,Chhath; Chhath Parv; Surya Shashti,Major regional Hindu festival,Autumn / October-November,4-day festival; dates vary annually,Bihar; Jharkhand; Eastern Uttar Pradesh; migrant communities nationwide,Ranchi,"Sun worship and thanksgiving centered on family wellbeing, purity and community observance",Nahay Khay; Kharna; evening and morning arghya; fasting; offerings,Advance purchases rise before the main ritual day,High,2-4 days before Chhath and morning/evening arghya windows,"grocery: thekua ingredients, fruits and puja staples",local delivery,electronics retailer,office-goers,Mixed cash and UPI; customers use QR payments at neighbourhood merchants,5-10% category discount during peak week,Higher loyalty points for UPI transactions,"Geo-target Ranchi customers with festival-specific messaging for thekua ingredients, fruits and puja staples; start before the peak window.","Prioritize thekua ingredients, fruits and puja staples; maintain safety stock and faster replenishment during peak days.",Add packing and delivery staff for peak order windows,Increase last-mile capacity and packing material,Demand spikes causing queueing and delivery delays,"Synthetic/example scenario: A electronics retailer in Ranchi sees rising thekua ingredients, fruits and puja staples demand from office-goers customers.","Create a festival bundle around thekua ingredients, fruits and puja staples with a digital-payment incentive",0.93,"Synthetic example: Chhath Puja demand in Ranchi typically concentrates around 2-4 days before chhath and morning/evening arghya windows, with upi dominates quick purchases; cards used for higher-value orders; thekua ingredients, fruits and puja staples is relevant to the selected merchant segment."
Chhath Puja,Chhath; Chhath Parv; Surya Shashti,Major regional Hindu festival,Autumn / October-November,4-day festival; dates vary annually,Bihar; Jharkhand; Eastern Uttar Pradesh; migrant communities nationwide,Ranchi,"Sun worship and thanksgiving centered on family wellbeing, purity and community observance",Nahay Khay; Kharna; evening and morning arghya; fasting; offerings,Peak-hour walk-ins and quick digital orders increase,High,2-4 days before Chhath and morning/evening arghya windows,"home: bamboo baskets, diyas and puja items",travel booking,neighbourhood retailer,tourists/travellers,Mixed cash and UPI; customers use QR payments at neighbourhood merchants,Festival bundle discount with minimum order value,Free add-on for orders paid digitally,"Geo-target Ranchi customers with festival-specific messaging for bamboo baskets, diyas and puja items; start before the peak window.","Prioritize bamboo baskets, diyas and puja items; maintain safety stock and faster replenishment during peak days.",Add 1-2 sales/counter staff during peak hours,Increase last-mile capacity and packing material,Demand spikes causing queueing and delivery delays,"Synthetic/example scenario: A neighbourhood retailer in Ranchi sees rising bamboo baskets, diyas and puja items demand from tourists/travellers customers.","Create a festival bundle around bamboo baskets, diyas and puja items with a digital-payment incentive",0.94,"Synthetic example: Chhath Puja demand in Ranchi typically concentrates around 2-4 days before chhath and morning/evening arghya windows, with mixed cash and upi; customers use qr payments at neighbourhood merchants; bamboo baskets, diyas and puja items is relevant to the selected merchant segment."
Chhath Puja,Chhath; Chhath Parv; Surya Shashti,Major regional Hindu festival,Autumn / October-November,4-day festival; dates vary annually,Bihar; Jharkhand; Eastern Uttar Pradesh; migrant communities nationwide,Patna,"Sun worship and thanksgiving centered on family wellbeing, purity and community observance",Nahay Khay; Kharna; evening and morning arghya; fasting; offerings,Advance purchases rise before the main ritual day,High,2-4 days before Chhath and morning/evening arghya windows,travel: rail/bus/last-mile travel,puja supply delivery,travel operator,local communities,High UPI usage for small and medium tickets; cash remains relevant for local purchases,5-10% category discount during peak week,Free add-on for orders paid digitally,Geo-target Patna customers with festival-specific messaging for rail/bus/last-mile travel; start before the peak window.,Prioritize rail/bus/last-mile travel; maintain safety stock and faster replenishment during peak days.,Add 1-2 sales/counter staff during peak hours,Coordinate supplier replenishment before peak days,Cash-handling and reconciliation issues during peak hours,Synthetic/example scenario: A travel operator in Patna sees rising rail/bus/last-mile travel demand from local communities customers.,Use targeted local messaging in Patna and promote rail/bus/last-mile travel 5-7 days early,0.94,"Synthetic example: Chhath Puja demand in Patna typically concentrates around 2-4 days before chhath and morning/evening arghya windows, with digital payments increase during peak hours; contactless/card usage for premium purchases; rail/bus/last-mile travel is relevant to the selected merchant segment."
Chhath Puja,Chhath; Chhath Parv; Surya Shashti,Major regional Hindu festival,Autumn / October-November,4-day festival; dates vary annually,Bihar; Jharkhand; Eastern Uttar Pradesh; migrant communities nationwide,Ranchi,"Sun worship and thanksgiving centered on family wellbeing, purity and community observance",Nahay Khay; Kharna; evening and morning arghya; fasting; offerings,Bulk buying and family-oriented shopping increases,High,2-4 days before Chhath and morning/evening arghya windows,travel: rail/bus/last-mile travel,travel booking,delivery merchant,premium shoppers,UPI dominates quick purchases; cards used for higher-value orders,Festival bundle discount with minimum order value,UPI cashback or merchant-funded QR incentive,Geo-target Ranchi customers with festival-specific messaging for rail/bus/last-mile travel; start before the peak window.,Prioritize rail/bus/last-mile travel; maintain safety stock and faster replenishment during peak days.,Add packing and delivery staff for peak order windows,Increase last-mile capacity and packing material,Price competition and promotion margin pressure,Synthetic/example scenario: A delivery merchant in Ranchi sees rising rail/bus/last-mile travel demand from premium shoppers customers.,Add temporary staff for peak hours and pre-book delivery capacity,0.9,"Synthetic example: Chhath Puja demand in Ranchi typically concentrates around 2-4 days before chhath and morning/evening arghya windows, with high upi usage for small and medium tickets; cash remains relevant for local purchases; rail/bus/last-mile travel is relevant to the selected merchant segment."
Chhath Puja,Chhath; Chhath Parv; Surya Shashti,Major regional Hindu festival,Autumn / October-November,4-day festival; dates vary annually,Bihar; Jharkhand; Eastern Uttar Pradesh; migrant communities nationwide,Patna,"Sun worship and thanksgiving centered on family wellbeing, purity and community observance",Nahay Khay; Kharna; evening and morning arghya; fasting; offerings,Gift-oriented and convenience-driven purchases increase,High,2-4 days before Chhath and morning/evening arghya windows,"grocery: thekua ingredients, fruits and puja staples",courier/logistics,sweet shop,migrant households,Digital payments increase during peak hours; contactless/card usage for premium purchases,Loyalty points or wallet cashback on repeat purchases,Small instant discount for digital payment,"Geo-target Patna customers with festival-specific messaging for thekua ingredients, fruits and puja staples; start before the peak window.","Prioritize thekua ingredients, fruits and puja staples; maintain safety stock and faster replenishment during peak days.",Add packing and delivery staff for peak order windows,Coordinate supplier replenishment before peak days,Price competition and promotion margin pressure,"Synthetic/example scenario: A sweet shop in Patna sees rising thekua ingredients, fruits and puja staples demand from migrant households customers.",Add temporary staff for peak hours and pre-book delivery capacity,0.91,"Synthetic example: Chhath Puja demand in Patna typically concentrates around 2-4 days before chhath and morning/evening arghya windows, with upi dominates quick purchases; cards used for higher-value orders; thekua ingredients, fruits and puja staples is relevant to the selected merchant segment."
Chhath Puja,Chhath; Chhath Parv; Surya Shashti,Major regional Hindu festival,Autumn / October-November,4-day festival; dates vary annually,Bihar; Jharkhand; Eastern Uttar Pradesh; migrant communities nationwide,Varanasi,"Sun worship and thanksgiving centered on family wellbeing, purity and community observance",Nahay Khay; Kharna; evening and morning arghya; fasting; offerings,Peak-hour walk-ins and quick digital orders increase,High,Early planning window; 10-15 days before festival,"grocery: thekua ingredients, fruits and puja staples",puja supply delivery,delivery merchant,office-goers,UPI dominates quick purchases; cards used for higher-value orders,Buy-more-save-more on festive essentials,UPI cashback or merchant-funded QR incentive,"Geo-target Varanasi customers with festival-specific messaging for thekua ingredients, fruits and puja staples; start before the peak window.","Prioritize thekua ingredients, fruits and puja staples; maintain safety stock and faster replenishment during peak days.","Cross-train staff for billing, packing and customer support",Increase last-mile capacity and packing material,Stockouts on fast-moving SKUs and late replenishment,"Synthetic/example scenario: A delivery merchant in Varanasi sees rising thekua ingredients, fruits and puja staples demand from office-goers customers.",Add temporary staff for peak hours and pre-book delivery capacity,0.82,"Synthetic example: Chhath Puja demand in Varanasi typically concentrates around early planning window; 10-15 days before festival, with mixed cash and upi; customers use qr payments at neighbourhood merchants; thekua ingredients, fruits and puja staples is relevant to the selected merchant segment."
Chhath Puja,Chhath; Chhath Parv; Surya Shashti,Major regional Hindu festival,Autumn / October-November,4-day festival; dates vary annually,Bihar; Jharkhand; Eastern Uttar Pradesh; migrant communities nationwide,Muzaffarpur,"Sun worship and thanksgiving centered on family wellbeing, purity and community observance",Nahay Khay; Kharna; evening and morning arghya; fasting; offerings,Peak-hour walk-ins and quick digital orders increase,High,2-4 days before Chhath and morning/evening arghya windows,travel: rail/bus/last-mile travel,courier/logistics,electronics retailer,families,High UPI usage for small and medium tickets; cash remains relevant for local purchases,5-10% category discount during peak week,UPI cashback or merchant-funded QR incentive,Geo-target Muzaffarpur customers with festival-specific messaging for rail/bus/last-mile travel; start before the peak window.,Prioritize rail/bus/last-mile travel; maintain safety stock and faster replenishment during peak days.,Add 1-2 sales/counter staff during peak hours,Increase last-mile capacity and packing material,Unsold seasonal inventory after the festival,Synthetic/example scenario: A electronics retailer in Muzaffarpur sees rising rail/bus/last-mile travel demand from families customers.,Create a festival bundle around rail/bus/last-mile travel with a digital-payment incentive,0.96,"Synthetic example: Chhath Puja demand in Muzaffarpur typically concentrates around 2-4 days before chhath and morning/evening arghya windows, with digital payments increase during peak hours; contactless/card usage for premium purchases; rail/bus/last-mile travel is relevant to the selected merchant segment."
Chhath Puja,Chhath; Chhath Parv; Surya Shashti,Major regional Hindu festival,Autumn / October-November,4-day festival; dates vary annually,Bihar; Jharkhand; Eastern Uttar Pradesh; migrant communities nationwide,Gaya,"Sun worship and thanksgiving centered on family wellbeing, purity and community observance",Nahay Khay; Kharna; evening and morning arghya; fasting; offerings,Customers compare prices and respond to bundles,High,2-4 days before Chhath and morning/evening arghya windows,grocery: seasonal fruits and sugarcane,travel booking,delivery merchant,premium shoppers,Mixed cash and UPI; customers use QR payments at neighbourhood merchants,5-10% category discount during peak week,UPI cashback or merchant-funded QR incentive,Geo-target Gaya customers with festival-specific messaging for seasonal fruits and sugarcane; start before the peak window.,Prioritize seasonal fruits and sugarcane; maintain safety stock and faster replenishment during peak days.,Add packing and delivery staff for peak order windows,Pre-book local delivery slots and optimize routes,Cash-handling and reconciliation issues during peak hours,Synthetic/example scenario: A delivery merchant in Gaya sees rising seasonal fruits and sugarcane demand from premium shoppers customers.,Create a festival bundle around seasonal fruits and sugarcane with a digital-payment incentive,0.89,"Synthetic example: Chhath Puja demand in Gaya typically concentrates around 2-4 days before chhath and morning/evening arghya windows, with high upi usage for small and medium tickets; cash remains relevant for local purchases; seasonal fruits and sugarcane is relevant to the selected merchant segment."
Chhath Puja,Chhath; Chhath Parv; Surya Shashti,Major regional Hindu festival,Autumn / October-November,4-day festival; dates vary annually,Bihar; Jharkhand; Eastern Uttar Pradesh; migrant communities nationwide,Delhi-NCR,"Sun worship and thanksgiving centered on family wellbeing, purity and community observance",Nahay Khay; Kharna; evening and morning arghya; fasting; offerings,Customers compare prices and respond to bundles,High,2-4 days before Chhath and morning/evening arghya windows,grocery: seasonal fruits and sugarcane,travel booking,fashion retailer,migrant households,Mixed cash and UPI; customers use QR payments at neighbourhood merchants,Festival bundle discount with minimum order value,Small instant discount for digital payment,Geo-target Delhi-NCR customers with festival-specific messaging for seasonal fruits and sugarcane; start before the peak window.,Prioritize seasonal fruits and sugarcane; maintain safety stock and faster replenishment during peak days.,Add packing and delivery staff for peak order windows,Pre-book local delivery slots and optimize routes,Stockouts on fast-moving SKUs and late replenishment,Synthetic/example scenario: A fashion retailer in Delhi-NCR sees rising seasonal fruits and sugarcane demand from migrant households customers.,Create a festival bundle around seasonal fruits and sugarcane with a digital-payment incentive,0.78,"Synthetic example: Chhath Puja demand in Delhi-NCR typically concentrates around 2-4 days before chhath and morning/evening arghya windows, with upi dominates quick purchases; cards used for higher-value orders; seasonal fruits and sugarcane is relevant to the selected merchant segment."
Chhath Puja,Chhath; Chhath Parv; Surya Shashti,Major regional Hindu festival,Autumn / October-November,4-day festival; dates vary annually,Bihar; Jharkhand; Eastern Uttar Pradesh; migrant communities nationwide,Muzaffarpur,"Sun worship and thanksgiving centered on family wellbeing, purity and community observance",Nahay Khay; Kharna; evening and morning arghya; fasting; offerings,Gift-oriented and convenience-driven purchases increase,Very High,2-4 days before Chhath and morning/evening arghya windows,grocery: seasonal fruits and sugarcane,travel booking,jewellery store,young adults,High UPI usage for small and medium tickets; cash remains relevant for local purchases,Free delivery above a threshold,Small instant discount for digital payment,Geo-target Muzaffarpur customers with festival-specific messaging for seasonal fruits and sugarcane; start before the peak window.,Prioritize seasonal fruits and sugarcane; maintain safety stock and faster replenishment during peak days.,"Cross-train staff for billing, packing and customer support",Pre-book local delivery slots and optimize routes,Price competition and promotion margin pressure,Synthetic/example scenario: A jewellery store in Muzaffarpur sees rising seasonal fruits and sugarcane demand from young adults customers.,Use targeted local messaging in Muzaffarpur and promote seasonal fruits and sugarcane 5-7 days early,0.93,"Synthetic example: Chhath Puja demand in Muzaffarpur typically concentrates around 2-4 days before chhath and morning/evening arghya windows, with mixed cash and upi; customers use qr payments at neighbourhood merchants; seasonal fruits and sugarcane is relevant to the selected merchant segment."
Chhath Puja,Chhath; Chhath Parv; Surya Shashti,Major regional Hindu festival,Autumn / October-November,4-day festival; dates vary annually,Bihar; Jharkhand; Eastern Uttar Pradesh; migrant communities nationwide,Muzaffarpur,"Sun worship and thanksgiving centered on family wellbeing, purity and community observance",Nahay Khay; Kharna; evening and morning arghya; fasting; offerings,Peak-hour walk-ins and quick digital orders increase,High,2-4 days before Chhath and morning/evening arghya windows,"home: bamboo baskets, diyas and puja items",courier/logistics,home-services provider,budget-conscious shoppers,Digital payments increase during peak hours; contactless/card usage for premium purchases,Festival bundle discount with minimum order value,Free add-on for orders paid digitally,"Geo-target Muzaffarpur customers with festival-specific messaging for bamboo baskets, diyas and puja items; start before the peak window.","Prioritize bamboo baskets, diyas and puja items; maintain safety stock and faster replenishment during peak days.","Cross-train staff for billing, packing and customer support",Increase last-mile capacity and packing material,Stockouts on fast-moving SKUs and late replenishment,"Synthetic/example scenario: A home-services provider in Muzaffarpur sees rising bamboo baskets, diyas and puja items demand from budget-conscious shoppers customers.","Increase bamboo baskets, diyas and puja items inventory by 20-35% and set a daily reorder threshold",0.97,"Synthetic example: Chhath Puja demand in Muzaffarpur typically concentrates around 2-4 days before chhath and morning/evening arghya windows, with digital payments increase during peak hours; contactless/card usage for premium purchases; bamboo baskets, diyas and puja items is relevant to the selected merchant segment."
Chhath Puja,Chhath; Chhath Parv; Surya Shashti,Major regional Hindu festival,Autumn / October-November,4-day festival; dates vary annually,Bihar; Jharkhand; Eastern Uttar Pradesh; migrant communities nationwide,Patna,"Sun worship and thanksgiving centered on family wellbeing, purity and community observance",Nahay Khay; Kharna; evening and morning arghya; fasting; offerings,Gift-oriented and convenience-driven purchases increase,High,2-4 days before Chhath and morning/evening arghya windows,"grocery: thekua ingredients, fruits and puja staples",travel booking,electronics retailer,migrant households,Mixed cash and UPI; customers use QR payments at neighbourhood merchants,Free delivery above a threshold,Higher loyalty points for UPI transactions,"Geo-target Patna customers with festival-specific messaging for thekua ingredients, fruits and puja staples; start before the peak window.","Prioritize thekua ingredients, fruits and puja staples; maintain safety stock and faster replenishment during peak days.",Add packing and delivery staff for peak order windows,Coordinate supplier replenishment before peak days,Demand spikes causing queueing and delivery delays,"Synthetic/example scenario: A electronics retailer in Patna sees rising thekua ingredients, fruits and puja staples demand from migrant households customers.",Add temporary staff for peak hours and pre-book delivery capacity,0.9,"Synthetic example: Chhath Puja demand in Patna typically concentrates around 2-4 days before chhath and morning/evening arghya windows, with high upi usage for small and medium tickets; cash remains relevant for local purchases; thekua ingredients, fruits and puja staples is relevant to the selected merchant segment."
Chhath Puja,Chhath; Chhath Parv; Surya Shashti,Major regional Hindu festival,Autumn / October-November,4-day festival; dates vary annually,Bihar; Jharkhand; Eastern Uttar Pradesh; migrant communities nationwide,Varanasi,"Sun worship and thanksgiving centered on family wellbeing, purity and community observance",Nahay Khay; Kharna; evening and morning arghya; fasting; offerings,Customers compare prices and respond to bundles,High,2-4 days before Chhath and morning/evening arghya windows,travel: rail/bus/last-mile travel,digital payments,neighbourhood retailer,young adults,Digital payments increase during peak hours; contactless/card usage for premium purchases,Buy-more-save-more on festive essentials,Free add-on for orders paid digitally,Geo-target Varanasi customers with festival-specific messaging for rail/bus/last-mile travel; start before the peak window.,Prioritize rail/bus/last-mile travel; maintain safety stock and faster replenishment during peak days.,Add packing and delivery staff for peak order windows,Increase last-mile capacity and packing material,Demand spikes causing queueing and delivery delays,Synthetic/example scenario: A neighbourhood retailer in Varanasi sees rising rail/bus/last-mile travel demand from young adults customers.,Use targeted local messaging in Varanasi and promote rail/bus/last-mile travel 5-7 days early,0.87,"Synthetic example: Chhath Puja demand in Varanasi typically concentrates around 2-4 days before chhath and morning/evening arghya windows, with upi dominates quick purchases; cards used for higher-value orders; rail/bus/last-mile travel is relevant to the selected merchant segment."
Chhath Puja,Chhath; Chhath Parv; Surya Shashti,Major regional Hindu festival,Autumn / October-November,4-day festival; dates vary annually,Bihar; Jharkhand; Eastern Uttar Pradesh; migrant communities nationwide,Patna,"Sun worship and thanksgiving centered on family wellbeing, purity and community observance",Nahay Khay; Kharna; evening and morning arghya; fasting; offerings,Peak-hour walk-ins and quick digital orders increase,High,2-4 days before Chhath and morning/evening arghya windows,"home: bamboo baskets, diyas and puja items",puja supply delivery,electronics retailer,office-goers,High UPI usage for small and medium tickets; cash remains relevant for local purchases,Festival bundle discount with minimum order value,UPI cashback or merchant-funded QR incentive,"Geo-target Patna customers with festival-specific messaging for bamboo baskets, diyas and puja items; start before the peak window.","Prioritize bamboo baskets, diyas and puja items; maintain safety stock and faster replenishment during peak days.",Add 1-2 sales/counter staff during peak hours,Increase last-mile capacity and packing material,Unsold seasonal inventory after the festival,"Synthetic/example scenario: A electronics retailer in Patna sees rising bamboo baskets, diyas and puja items demand from office-goers customers.",Add temporary staff for peak hours and pre-book delivery capacity,0.96,"Synthetic example: Chhath Puja demand in Patna typically concentrates around 2-4 days before chhath and morning/evening arghya windows, with mixed cash and upi; customers use qr payments at neighbourhood merchants; bamboo baskets, diyas and puja items is relevant to the selected merchant segment."
Chhath Puja,Chhath; Chhath Parv; Surya Shashti,Major regional Hindu festival,Autumn / October-November,4-day festival; dates vary annually,Bihar; Jharkhand; Eastern Uttar Pradesh; migrant communities nationwide,Muzaffarpur,"Sun worship and thanksgiving centered on family wellbeing, purity and community observance",Nahay Khay; Kharna; evening and morning arghya; fasting; offerings,Gift-oriented and convenience-driven purchases increase,High,2-4 days before Chhath and morning/evening arghya windows,"grocery: thekua ingredients, fruits and puja staples",digital payments,electronics retailer,migrant households,Mixed cash and UPI; customers use QR payments at neighbourhood merchants,Festival bundle discount with minimum order value,Free add-on for orders paid digitally,"Geo-target Muzaffarpur customers with festival-specific messaging for thekua ingredients, fruits and puja staples; start before the peak window.","Prioritize thekua ingredients, fruits and puja staples; maintain safety stock and faster replenishment during peak days.",Add packing and delivery staff for peak order windows,Coordinate supplier replenishment before peak days,Stockouts on fast-moving SKUs and late replenishment,"Synthetic/example scenario: A electronics retailer in Muzaffarpur sees rising thekua ingredients, fruits and puja staples demand from migrant households customers.",Offer a minimum-order free-delivery threshold and track hourly demand,0.96,"Synthetic example: Chhath Puja demand in Muzaffarpur typically concentrates around 2-4 days before chhath and morning/evening arghya windows, with digital payments increase during peak hours; contactless/card usage for premium purchases; thekua ingredients, fruits and puja staples is relevant to the selected merchant segment."
Chhath Puja,Chhath; Chhath Parv; Surya Shashti,Major regional Hindu festival,Autumn / October-November,4-day festival; dates vary annually,Bihar; Jharkhand; Eastern Uttar Pradesh; migrant communities nationwide,Muzaffarpur,"Sun worship and thanksgiving centered on family wellbeing, purity and community observance",Nahay Khay; Kharna; evening and morning arghya; fasting; offerings,Gift-oriented and convenience-driven purchases increase,High,2-4 days before Chhath and morning/evening arghya windows,sweets: thekua and prasad,digital payments,grocery store,budget-conscious shoppers,UPI dominates quick purchases; cards used for higher-value orders,5-10% category discount during peak week,Free add-on for orders paid digitally,Geo-target Muzaffarpur customers with festival-specific messaging for thekua and prasad; start before the peak window.,Prioritize thekua and prasad; maintain safety stock and faster replenishment during peak days.,Add 1-2 sales/counter staff during peak hours,Pre-book local delivery slots and optimize routes,Unsold seasonal inventory after the festival,Synthetic/example scenario: A grocery store in Muzaffarpur sees rising thekua and prasad demand from budget-conscious shoppers customers.,Add temporary staff for peak hours and pre-book delivery capacity,0.8,"Synthetic example: Chhath Puja demand in Muzaffarpur typically concentrates around 2-4 days before chhath and morning/evening arghya windows, with high upi usage for small and medium tickets; cash remains relevant for local purchases; thekua and prasad is relevant to the selected merchant segment."
Chhath Puja,Chhath; Chhath Parv; Surya Shashti,Major regional Hindu festival,Autumn / October-November,4-day festival; dates vary annually,Bihar; Jharkhand; Eastern Uttar Pradesh; migrant communities nationwide,Delhi-NCR,"Sun worship and thanksgiving centered on family wellbeing, purity and community observance",Nahay Khay; Kharna; evening and morning arghya; fasting; offerings,Gift-oriented and convenience-driven purchases increase,High,2-4 days before Chhath and morning/evening arghya windows,fashion: traditional clothing,puja supply delivery,electronics retailer,young adults,High UPI usage for small and medium tickets; cash remains relevant for local purchases,Loyalty points or wallet cashback on repeat purchases,Higher loyalty points for UPI transactions,Geo-target Delhi-NCR customers with festival-specific messaging for traditional clothing; start before the peak window.,Prioritize traditional clothing; maintain safety stock and faster replenishment during peak days.,Add 1-2 sales/counter staff during peak hours,Pre-book local delivery slots and optimize routes,Cash-handling and reconciliation issues during peak hours,Synthetic/example scenario: A electronics retailer in Delhi-NCR sees rising traditional clothing demand from young adults customers.,Create a festival bundle around traditional clothing with a digital-payment incentive,0.93,"Synthetic example: Chhath Puja demand in Delhi-NCR typically concentrates around 2-4 days before chhath and morning/evening arghya windows, with upi dominates quick purchases; cards used for higher-value orders; traditional clothing is relevant to the selected merchant segment."
Chhath Puja,Chhath; Chhath Parv; Surya Shashti,Major regional Hindu festival,Autumn / October-November,4-day festival; dates vary annually,Bihar; Jharkhand; Eastern Uttar Pradesh; migrant communities nationwide,Muzaffarpur,"Sun worship and thanksgiving centered on family wellbeing, purity and community observance",Nahay Khay; Kharna; evening and morning arghya; fasting; offerings,Gift-oriented and convenience-driven purchases increase,High,2-4 days before Chhath and morning/evening arghya windows,fashion: traditional clothing,puja supply delivery,fashion retailer,local communities,Digital payments increase during peak hours; contactless/card usage for premium purchases,Festival bundle discount with minimum order value,Small instant discount for digital payment,Geo-target Muzaffarpur customers with festival-specific messaging for traditional clothing; start before the peak window.,Prioritize traditional clothing; maintain safety stock and faster replenishment during peak days.,"Cross-train staff for billing, packing and customer support",Coordinate supplier replenishment before peak days,Stockouts on fast-moving SKUs and late replenishment,Synthetic/example scenario: A fashion retailer in Muzaffarpur sees rising traditional clothing demand from local communities customers.,Create a festival bundle around traditional clothing with a digital-payment incentive,0.95,"Synthetic example: Chhath Puja demand in Muzaffarpur typically concentrates around 2-4 days before chhath and morning/evening arghya windows, with mixed cash and upi; customers use qr payments at neighbourhood merchants; traditional clothing is relevant to the selected merchant segment."
Chhath Puja,Chhath; Chhath Parv; Surya Shashti,Major regional Hindu festival,Autumn / October-November,4-day festival; dates vary annually,Bihar; Jharkhand; Eastern Uttar Pradesh; migrant communities nationwide,Patna,"Sun worship and thanksgiving centered on family wellbeing, purity and community observance",Nahay Khay; Kharna; evening and morning arghya; fasting; offerings,Advance purchases rise before the main ritual day,High,Early planning window; 10-15 days before festival,"grocery: thekua ingredients, fruits and puja staples",courier/logistics,home-services provider,premium shoppers,Mixed cash and UPI; customers use QR payments at neighbourhood merchants,Buy-more-save-more on festive essentials,UPI cashback or merchant-funded QR incentive,"Geo-target Patna customers with festival-specific messaging for thekua ingredients, fruits and puja staples; start before the peak window.","Prioritize thekua ingredients, fruits and puja staples; maintain safety stock and faster replenishment during peak days.",Add 1-2 sales/counter staff during peak hours,Pre-book local delivery slots and optimize routes,Price competition and promotion margin pressure,"Synthetic/example scenario: A home-services provider in Patna sees rising thekua ingredients, fruits and puja staples demand from premium shoppers customers.","Use targeted local messaging in Patna and promote thekua ingredients, fruits and puja staples 5-7 days early",0.84,"Synthetic example: Chhath Puja demand in Patna typically concentrates around early planning window; 10-15 days before festival, with digital payments increase during peak hours; contactless/card usage for premium purchases; thekua ingredients, fruits and puja staples is relevant to the selected merchant segment."
Chhath Puja,Chhath; Chhath Parv; Surya Shashti,Major regional Hindu festival,Autumn / October-November,4-day festival; dates vary annually,Bihar; Jharkhand; Eastern Uttar Pradesh; migrant communities nationwide,Delhi-NCR,"Sun worship and thanksgiving centered on family wellbeing, purity and community observance",Nahay Khay; Kharna; evening and morning arghya; fasting; offerings,Peak-hour walk-ins and quick digital orders increase,Very High,2-4 days before Chhath and morning/evening arghya windows,grocery: seasonal fruits and sugarcane,puja supply delivery,grocery store,young adults,Digital payments increase during peak hours; contactless/card usage for premium purchases,Buy-more-save-more on festive essentials,Small instant discount for digital payment,Geo-target Delhi-NCR customers with festival-specific messaging for seasonal fruits and sugarcane; start before the peak window.,Prioritize seasonal fruits and sugarcane; maintain safety stock and faster replenishment during peak days.,"Cross-train staff for billing, packing and customer support",Pre-book local delivery slots and optimize routes,Price competition and promotion margin pressure,Synthetic/example scenario: A grocery store in Delhi-NCR sees rising seasonal fruits and sugarcane demand from young adults customers.,Use targeted local messaging in Delhi-NCR and promote seasonal fruits and sugarcane 5-7 days early,0.87,"Synthetic example: Chhath Puja demand in Delhi-NCR typically concentrates around 2-4 days before chhath and morning/evening arghya windows, with high upi usage for small and medium tickets; cash remains relevant for local purchases; seasonal fruits and sugarcane is relevant to the selected merchant segment."
Chhath Puja,Chhath; Chhath Parv; Surya Shashti,Major regional Hindu festival,Autumn / October-November,4-day festival; dates vary annually,Bihar; Jharkhand; Eastern Uttar Pradesh; migrant communities nationwide,Varanasi,"Sun worship and thanksgiving centered on family wellbeing, purity and community observance",Nahay Khay; Kharna; evening and morning arghya; fasting; offerings,Bulk buying and family-oriented shopping increases,High,2-4 days before Chhath and morning/evening arghya windows,fashion: traditional clothing,digital payments,neighbourhood retailer,budget-conscious shoppers,UPI dominates quick purchases; cards used for higher-value orders,Free delivery above a threshold,UPI cashback or merchant-funded QR incentive,Geo-target Varanasi customers with festival-specific messaging for traditional clothing; start before the peak window.,Prioritize traditional clothing; maintain safety stock and faster replenishment during peak days.,Add 1-2 sales/counter staff during peak hours,Pre-book local delivery slots and optimize routes,Price competition and promotion margin pressure,Synthetic/example scenario: A neighbourhood retailer in Varanasi sees rising traditional clothing demand from budget-conscious shoppers customers.,Offer a minimum-order free-delivery threshold and track hourly demand,0.91,"Synthetic example: Chhath Puja demand in Varanasi typically concentrates around 2-4 days before chhath and morning/evening arghya windows, with upi dominates quick purchases; cards used for higher-value orders; traditional clothing is relevant to the selected merchant segment."
Chhath Puja,Chhath; Chhath Parv; Surya Shashti,Major regional Hindu festival,Autumn / October-November,4-day festival; dates vary annually,Bihar; Jharkhand; Eastern Uttar Pradesh; migrant communities nationwide,Gaya,"Sun worship and thanksgiving centered on family wellbeing, purity and community observance",Nahay Khay; Kharna; evening and morning arghya; fasting; offerings,Peak-hour walk-ins and quick digital orders increase,High,2-4 days before Chhath and morning/evening arghya windows,fashion: traditional clothing,puja supply delivery,restaurant,budget-conscious shoppers,UPI dominates quick purchases; cards used for higher-value orders,5-10% category discount during peak week,Free add-on for orders paid digitally,Geo-target Gaya customers with festival-specific messaging for traditional clothing; start before the peak window.,Prioritize traditional clothing; maintain safety stock and faster replenishment during peak days.,"Cross-train staff for billing, packing and customer support",Coordinate supplier replenishment before peak days,Unsold seasonal inventory after the festival,Synthetic/example scenario: A restaurant in Gaya sees rising traditional clothing demand from budget-conscious shoppers customers.,Increase traditional clothing inventory by 20-35% and set a daily reorder threshold,0.78,"Synthetic example: Chhath Puja demand in Gaya typically concentrates around 2-4 days before chhath and morning/evening arghya windows, with mixed cash and upi; customers use qr payments at neighbourhood merchants; traditional clothing is relevant to the selected merchant segment."
Chhath Puja,Chhath; Chhath Parv; Surya Shashti,Major regional Hindu festival,Autumn / October-November,4-day festival; dates vary annually,Bihar; Jharkhand; Eastern Uttar Pradesh; migrant communities nationwide,Delhi-NCR,"Sun worship and thanksgiving centered on family wellbeing, purity and community observance",Nahay Khay; Kharna; evening and morning arghya; fasting; offerings,Peak-hour walk-ins and quick digital orders increase,High,2-4 days before Chhath and morning/evening arghya windows,grocery: seasonal fruits and sugarcane,travel booking,home-services provider,local communities,High UPI usage for small and medium tickets; cash remains relevant for local purchases,Buy-more-save-more on festive essentials,Free add-on for orders paid digitally,Geo-target Delhi-NCR customers with festival-specific messaging for seasonal fruits and sugarcane; start before the peak window.,Prioritize seasonal fruits and sugarcane; maintain safety stock and faster replenishment during peak days.,"Cross-train staff for billing, packing and customer support",Increase last-mile capacity and packing material,Price competition and promotion margin pressure,Synthetic/example scenario: A home-services provider in Delhi-NCR sees rising seasonal fruits and sugarcane demand from local communities customers.,Increase seasonal fruits and sugarcane inventory by 20-35% and set a daily reorder threshold,0.86,"Synthetic example: Chhath Puja demand in Delhi-NCR typically concentrates around 2-4 days before chhath and morning/evening arghya windows, with digital payments increase during peak hours; contactless/card usage for premium purchases; seasonal fruits and sugarcane is relevant to the selected merchant segment."
Chhath Puja,Chhath; Chhath Parv; Surya Shashti,Major regional Hindu festival,Autumn / October-November,4-day festival; dates vary annually,Bihar; Jharkhand; Eastern Uttar Pradesh; migrant communities nationwide,Muzaffarpur,"Sun worship and thanksgiving centered on family wellbeing, purity and community observance",Nahay Khay; Kharna; evening and morning arghya; fasting; offerings,Customers compare prices and respond to bundles,High,2-4 days before Chhath and morning/evening arghya windows,"home: bamboo baskets, diyas and puja items",travel booking,jewellery store,budget-conscious shoppers,Digital payments increase during peak hours; contactless/card usage for premium purchases,Buy-more-save-more on festive essentials,UPI cashback or merchant-funded QR incentive,"Geo-target Muzaffarpur customers with festival-specific messaging for bamboo baskets, diyas and puja items; start before the peak window.","Prioritize bamboo baskets, diyas and puja items; maintain safety stock and faster replenishment during peak days.",Add packing and delivery staff for peak order windows,Pre-book local delivery slots and optimize routes,Price competition and promotion margin pressure,"Synthetic/example scenario: A jewellery store in Muzaffarpur sees rising bamboo baskets, diyas and puja items demand from budget-conscious shoppers customers.","Increase bamboo baskets, diyas and puja items inventory by 20-35% and set a daily reorder threshold",0.96,"Synthetic example: Chhath Puja demand in Muzaffarpur typically concentrates around 2-4 days before chhath and morning/evening arghya windows, with high upi usage for small and medium tickets; cash remains relevant for local purchases; bamboo baskets, diyas and puja items is relevant to the selected merchant segment."
Chhath Puja,Chhath; Chhath Parv; Surya Shashti,Major regional Hindu festival,Autumn / October-November,4-day festival; dates vary annually,Bihar; Jharkhand; Eastern Uttar Pradesh; migrant communities nationwide,Varanasi,"Sun worship and thanksgiving centered on family wellbeing, purity and community observance",Nahay Khay; Kharna; evening and morning arghya; fasting; offerings,Advance purchases rise before the main ritual day,High,2-4 days before Chhath and morning/evening arghya windows,grocery: seasonal fruits and sugarcane,digital payments,delivery merchant,office-goers,UPI dominates quick purchases; cards used for higher-value orders,Buy-more-save-more on festive essentials,Small instant discount for digital payment,Geo-target Varanasi customers with festival-specific messaging for seasonal fruits and sugarcane; start before the peak window.,Prioritize seasonal fruits and sugarcane; maintain safety stock and faster replenishment during peak days.,Add 1-2 sales/counter staff during peak hours,Coordinate supplier replenishment before peak days,Stockouts on fast-moving SKUs and late replenishment,Synthetic/example scenario: A delivery merchant in Varanasi sees rising seasonal fruits and sugarcane demand from office-goers customers.,Use targeted local messaging in Varanasi and promote seasonal fruits and sugarcane 5-7 days early,0.95,"Synthetic example: Chhath Puja demand in Varanasi typically concentrates around 2-4 days before chhath and morning/evening arghya windows, with upi dominates quick purchases; cards used for higher-value orders; seasonal fruits and sugarcane is relevant to the selected merchant segment."
Chhath Puja,Chhath; Chhath Parv; Surya Shashti,Major regional Hindu festival,Autumn / October-November,4-day festival; dates vary annually,Bihar; Jharkhand; Eastern Uttar Pradesh; migrant communities nationwide,Patna,"Sun worship and thanksgiving centered on family wellbeing, purity and community observance",Nahay Khay; Kharna; evening and morning arghya; fasting; offerings,Customers compare prices and respond to bundles,High,2-4 days before Chhath and morning/evening arghya windows,"home: bamboo baskets, diyas and puja items",puja supply delivery,home-services provider,premium shoppers,Mixed cash and UPI; customers use QR payments at neighbourhood merchants,5-10% category discount during peak week,Small instant discount for digital payment,"Geo-target Patna customers with festival-specific messaging for bamboo baskets, diyas and puja items; start before the peak window.","Prioritize bamboo baskets, diyas and puja items; maintain safety stock and faster replenishment during peak days.","Cross-train staff for billing, packing and customer support",Pre-book local delivery slots and optimize routes,Unsold seasonal inventory after the festival,"Synthetic/example scenario: A home-services provider in Patna sees rising bamboo baskets, diyas and puja items demand from premium shoppers customers.","Create a festival bundle around bamboo baskets, diyas and puja items with a digital-payment incentive",0.82,"Synthetic example: Chhath Puja demand in Patna typically concentrates around 2-4 days before chhath and morning/evening arghya windows, with mixed cash and upi; customers use qr payments at neighbourhood merchants; bamboo baskets, diyas and puja items is relevant to the selected merchant segment."
Chhath Puja,Chhath; Chhath Parv; Surya Shashti,Major regional Hindu festival,Autumn / October-November,4-day festival; dates vary annually,Bihar; Jharkhand; Eastern Uttar Pradesh; migrant communities nationwide,Patna,"Sun worship and thanksgiving centered on family wellbeing, purity and community observance",Nahay Khay; Kharna; evening and morning arghya; fasting; offerings,Gift-oriented and convenience-driven purchases increase,High,2-4 days before Chhath and morning/evening arghya windows,"home: bamboo baskets, diyas and puja items",courier/logistics,restaurant,tourists/travellers,Mixed cash and UPI; customers use QR payments at neighbourhood merchants,Buy-more-save-more on festive essentials,Small instant discount for digital payment,"Geo-target Patna customers with festival-specific messaging for bamboo baskets, diyas and puja items; start before the peak window.","Prioritize bamboo baskets, diyas and puja items; maintain safety stock and faster replenishment during peak days.",Add packing and delivery staff for peak order windows,Pre-book local delivery slots and optimize routes,Cash-handling and reconciliation issues during peak hours,"Synthetic/example scenario: A restaurant in Patna sees rising bamboo baskets, diyas and puja items demand from tourists/travellers customers.",Offer a minimum-order free-delivery threshold and track hourly demand,0.87,"Synthetic example: Chhath Puja demand in Patna typically concentrates around 2-4 days before chhath and morning/evening arghya windows, with digital payments increase during peak hours; contactless/card usage for premium purchases; bamboo baskets, diyas and puja items is relevant to the selected merchant segment."
Chhath Puja,Chhath; Chhath Parv; Surya Shashti,Major regional Hindu festival,Autumn / October-November,4-day festival; dates vary annually,Bihar; Jharkhand; Eastern Uttar Pradesh; migrant communities nationwide,Varanasi,"Sun worship and thanksgiving centered on family wellbeing, purity and community observance",Nahay Khay; Kharna; evening and morning arghya; fasting; offerings,Advance purchases rise before the main ritual day,High,2-4 days before Chhath and morning/evening arghya windows,sweets: thekua and prasad,digital payments,fashion retailer,budget-conscious shoppers,Digital payments increase during peak hours; contactless/card usage for premium purchases,Free delivery above a threshold,UPI cashback or merchant-funded QR incentive,Geo-target Varanasi customers with festival-specific messaging for thekua and prasad; start before the peak window.,Prioritize thekua and prasad; maintain safety stock and faster replenishment during peak days.,Add 1-2 sales/counter staff during peak hours,Increase last-mile capacity and packing material,Stockouts on fast-moving SKUs and late replenishment,Synthetic/example scenario: A fashion retailer in Varanasi sees rising thekua and prasad demand from budget-conscious shoppers customers.,Add temporary staff for peak hours and pre-book delivery capacity,0.88,"Synthetic example: Chhath Puja demand in Varanasi typically concentrates around 2-4 days before chhath and morning/evening arghya windows, with high upi usage for small and medium tickets; cash remains relevant for local purchases; thekua and prasad is relevant to the selected merchant segment."
Chhath Puja,Chhath; Chhath Parv; Surya Shashti,Major regional Hindu festival,Autumn / October-November,4-day festival; dates vary annually,Bihar; Jharkhand; Eastern Uttar Pradesh; migrant communities nationwide,Patna,"Sun worship and thanksgiving centered on family wellbeing, purity and community observance",Nahay Khay; Kharna; evening and morning arghya; fasting; offerings,Bulk buying and family-oriented shopping increases,High,2-4 days before Chhath and morning/evening arghya windows,fashion: traditional clothing,courier/logistics,neighbourhood retailer,office-goers,Digital payments increase during peak hours; contactless/card usage for premium purchases,Loyalty points or wallet cashback on repeat purchases,Small instant discount for digital payment,Geo-target Patna customers with festival-specific messaging for traditional clothing; start before the peak window.,Prioritize traditional clothing; maintain safety stock and faster replenishment during peak days.,Add packing and delivery staff for peak order windows,Coordinate supplier replenishment before peak days,Cash-handling and reconciliation issues during peak hours,Synthetic/example scenario: A neighbourhood retailer in Patna sees rising traditional clothing demand from office-goers customers.,Offer a minimum-order free-delivery threshold and track hourly demand,0.96,"Synthetic example: Chhath Puja demand in Patna typically concentrates around 2-4 days before chhath and morning/evening arghya windows, with upi dominates quick purchases; cards used for higher-value orders; traditional clothing is relevant to the selected merchant segment."
Chhath Puja,Chhath; Chhath Parv; Surya Shashti,Major regional Hindu festival,Autumn / October-November,4-day festival; dates vary annually,Bihar; Jharkhand; Eastern Uttar Pradesh; migrant communities nationwide,Delhi-NCR,"Sun worship and thanksgiving centered on family wellbeing, purity and community observance",Nahay Khay; Kharna; evening and morning arghya; fasting; offerings,Bulk buying and family-oriented shopping increases,Very High,2-4 days before Chhath and morning/evening arghya windows,sweets: thekua and prasad,courier/logistics,restaurant,families,UPI dominates quick purchases; cards used for higher-value orders,Festival bundle discount with minimum order value,Small instant discount for digital payment,Geo-target Delhi-NCR customers with festival-specific messaging for thekua and prasad; start before the peak window.,Prioritize thekua and prasad; maintain safety stock and faster replenishment during peak days.,"Cross-train staff for billing, packing and customer support",Increase last-mile capacity and packing material,Stockouts on fast-moving SKUs and late replenishment,Synthetic/example scenario: A restaurant in Delhi-NCR sees rising thekua and prasad demand from families customers.,Add temporary staff for peak hours and pre-book delivery capacity,0.97,"Synthetic example: Chhath Puja demand in Delhi-NCR typically concentrates around 2-4 days before chhath and morning/evening arghya windows, with mixed cash and upi; customers use qr payments at neighbourhood merchants; thekua and prasad is relevant to the selected merchant segment."
Chhath Puja,Chhath; Chhath Parv; Surya Shashti,Major regional Hindu festival,Autumn / October-November,4-day festival; dates vary annually,Bihar; Jharkhand; Eastern Uttar Pradesh; migrant communities nationwide,Delhi-NCR,"Sun worship and thanksgiving centered on family wellbeing, purity and community observance",Nahay Khay; Kharna; evening and morning arghya; fasting; offerings,Advance purchases rise before the main ritual day,High,2-4 days before Chhath and morning/evening arghya windows,sweets: thekua and prasad,puja supply delivery,home-services provider,migrant households,High UPI usage for small and medium tickets; cash remains relevant for local purchases,Buy-more-save-more on festive essentials,UPI cashback or merchant-funded QR incentive,Geo-target Delhi-NCR customers with festival-specific messaging for thekua and prasad; start before the peak window.,Prioritize thekua and prasad; maintain safety stock and faster replenishment during peak days.,Add packing and delivery staff for peak order windows,Pre-book local delivery slots and optimize routes,Unsold seasonal inventory after the festival,Synthetic/example scenario: A home-services provider in Delhi-NCR sees rising thekua and prasad demand from migrant households customers.,Add temporary staff for peak hours and pre-book delivery capacity,0.85,"Synthetic example: Chhath Puja demand in Delhi-NCR typically concentrates around 2-4 days before chhath and morning/evening arghya windows, with digital payments increase during peak hours; contactless/card usage for premium purchases; thekua and prasad is relevant to the selected merchant segment."
Chhath Puja,Chhath; Chhath Parv; Surya Shashti,Major regional Hindu festival,Autumn / October-November,4-day festival; dates vary annually,Bihar; Jharkhand; Eastern Uttar Pradesh; migrant communities nationwide,Muzaffarpur,"Sun worship and thanksgiving centered on family wellbeing, purity and community observance",Nahay Khay; Kharna; evening and morning arghya; fasting; offerings,Gift-oriented and convenience-driven purchases increase,High,Early planning window; 10-15 days before festival,travel: rail/bus/last-mile travel,puja supply delivery,jewellery store,budget-conscious shoppers,UPI dominates quick purchases; cards used for higher-value orders,Buy-more-save-more on festive essentials,Higher loyalty points for UPI transactions,Geo-target Muzaffarpur customers with festival-specific messaging for rail/bus/last-mile travel; start before the peak window.,Prioritize rail/bus/last-mile travel; maintain safety stock and faster replenishment during peak days.,"Cross-train staff for billing, packing and customer support",Coordinate supplier replenishment before peak days,Cash-handling and reconciliation issues during peak hours,Synthetic/example scenario: A jewellery store in Muzaffarpur sees rising rail/bus/last-mile travel demand from budget-conscious shoppers customers.,Create a festival bundle around rail/bus/last-mile travel with a digital-payment incentive,0.84,"Synthetic example: Chhath Puja demand in Muzaffarpur typically concentrates around early planning window; 10-15 days before festival, with high upi usage for small and medium tickets; cash remains relevant for local purchases; rail/bus/last-mile travel is relevant to the selected merchant segment."
Chhath Puja,Chhath; Chhath Parv; Surya Shashti,Major regional Hindu festival,Autumn / October-November,4-day festival; dates vary annually,Bihar; Jharkhand; Eastern Uttar Pradesh; migrant communities nationwide,Varanasi,"Sun worship and thanksgiving centered on family wellbeing, purity and community observance",Nahay Khay; Kharna; evening and morning arghya; fasting; offerings,Advance purchases rise before the main ritual day,High,2-4 days before Chhath and morning/evening arghya windows,"home: bamboo baskets, diyas and puja items",puja supply delivery,restaurant,young adults,UPI dominates quick purchases; cards used for higher-value orders,Loyalty points or wallet cashback on repeat purchases,UPI cashback or merchant-funded QR incentive,"Geo-target Varanasi customers with festival-specific messaging for bamboo baskets, diyas and puja items; start before the peak window.","Prioritize bamboo baskets, diyas and puja items; maintain safety stock and faster replenishment during peak days.","Cross-train staff for billing, packing and customer support",Coordinate supplier replenishment before peak days,Cash-handling and reconciliation issues during peak hours,"Synthetic/example scenario: A restaurant in Varanasi sees rising bamboo baskets, diyas and puja items demand from young adults customers.","Use targeted local messaging in Varanasi and promote bamboo baskets, diyas and puja items 5-7 days early",0.9,"Synthetic example: Chhath Puja demand in Varanasi typically concentrates around 2-4 days before chhath and morning/evening arghya windows, with upi dominates quick purchases; cards used for higher-value orders; bamboo baskets, diyas and puja items is relevant to the selected merchant segment."
Chhath Puja,Chhath; Chhath Parv; Surya Shashti,Major regional Hindu festival,Autumn / October-November,4-day festival; dates vary annually,Bihar; Jharkhand; Eastern Uttar Pradesh; migrant communities nationwide,Delhi-NCR,"Sun worship and thanksgiving centered on family wellbeing, purity and community observance",Nahay Khay; Kharna; evening and morning arghya; fasting; offerings,Advance purchases rise before the main ritual day,High,2-4 days before Chhath and morning/evening arghya windows,sweets: thekua and prasad,puja supply delivery,electronics retailer,families,Digital payments increase during peak hours; contactless/card usage for premium purchases,5-10% category discount during peak week,Small instant discount for digital payment,Geo-target Delhi-NCR customers with festival-specific messaging for thekua and prasad; start before the peak window.,Prioritize thekua and prasad; maintain safety stock and faster replenishment during peak days.,Add 1-2 sales/counter staff during peak hours,Pre-book local delivery slots and optimize routes,Unsold seasonal inventory after the festival,Synthetic/example scenario: A electronics retailer in Delhi-NCR sees rising thekua and prasad demand from families customers.,Create a festival bundle around thekua and prasad with a digital-payment incentive,0.96,"Synthetic example: Chhath Puja demand in Delhi-NCR typically concentrates around 2-4 days before chhath and morning/evening arghya windows, with mixed cash and upi; customers use qr payments at neighbourhood merchants; thekua and prasad is relevant to the selected merchant segment."
Chhath Puja,Chhath; Chhath Parv; Surya Shashti,Major regional Hindu festival,Autumn / October-November,4-day festival; dates vary annually,Bihar; Jharkhand; Eastern Uttar Pradesh; migrant communities nationwide,Ranchi,"Sun worship and thanksgiving centered on family wellbeing, purity and community observance",Nahay Khay; Kharna; evening and morning arghya; fasting; offerings,Customers compare prices and respond to bundles,High,2-4 days before Chhath and morning/evening arghya windows,"grocery: thekua ingredients, fruits and puja staples",puja supply delivery,neighbourhood retailer,families,UPI dominates quick purchases; cards used for higher-value orders,5-10% category discount during peak week,Small instant discount for digital payment,"Geo-target Ranchi customers with festival-specific messaging for thekua ingredients, fruits and puja staples; start before the peak window.","Prioritize thekua ingredients, fruits and puja staples; maintain safety stock and faster replenishment during peak days.","Cross-train staff for billing, packing and customer support",Increase last-mile capacity and packing material,Cash-handling and reconciliation issues during peak hours,"Synthetic/example scenario: A neighbourhood retailer in Ranchi sees rising thekua ingredients, fruits and puja staples demand from families customers.","Create a festival bundle around thekua ingredients, fruits and puja staples with a digital-payment incentive",0.89,"Synthetic example: Chhath Puja demand in Ranchi typically concentrates around 2-4 days before chhath and morning/evening arghya windows, with digital payments increase during peak hours; contactless/card usage for premium purchases; thekua ingredients, fruits and puja staples is relevant to the selected merchant segment."
Chhath Puja,Chhath; Chhath Parv; Surya Shashti,Major regional Hindu festival,Autumn / October-November,4-day festival; dates vary annually,Bihar; Jharkhand; Eastern Uttar Pradesh; migrant communities nationwide,Varanasi,"Sun worship and thanksgiving centered on family wellbeing, purity and community observance",Nahay Khay; Kharna; evening and morning arghya; fasting; offerings,Peak-hour walk-ins and quick digital orders increase,High,2-4 days before Chhath and morning/evening arghya windows,"grocery: thekua ingredients, fruits and puja staples",courier/logistics,electronics retailer,premium shoppers,UPI dominates quick purchases; cards used for higher-value orders,Loyalty points or wallet cashback on repeat purchases,Small instant discount for digital payment,"Geo-target Varanasi customers with festival-specific messaging for thekua ingredients, fruits and puja staples; start before the peak window.","Prioritize thekua ingredients, fruits and puja staples; maintain safety stock and faster replenishment during peak days.",Add packing and delivery staff for peak order windows,Increase last-mile capacity and packing material,Cash-handling and reconciliation issues during peak hours,"Synthetic/example scenario: A electronics retailer in Varanasi sees rising thekua ingredients, fruits and puja staples demand from premium shoppers customers.",Add temporary staff for peak hours and pre-book delivery capacity,0.92,"Synthetic example: Chhath Puja demand in Varanasi typically concentrates around 2-4 days before chhath and morning/evening arghya windows, with high upi usage for small and medium tickets; cash remains relevant for local purchases; thekua ingredients, fruits and puja staples is relevant to the selected merchant segment."
Chhath Puja,Chhath; Chhath Parv; Surya Shashti,Major regional Hindu festival,Autumn / October-November,4-day festival; dates vary annually,Bihar; Jharkhand; Eastern Uttar Pradesh; migrant communities nationwide,Ranchi,"Sun worship and thanksgiving centered on family wellbeing, purity and community observance",Nahay Khay; Kharna; evening and morning arghya; fasting; offerings,Peak-hour walk-ins and quick digital orders increase,High,2-4 days before Chhath and morning/evening arghya windows,grocery: seasonal fruits and sugarcane,courier/logistics,delivery merchant,tourists/travellers,UPI dominates quick purchases; cards used for higher-value orders,5-10% category discount during peak week,Small instant discount for digital payment,Geo-target Ranchi customers with festival-specific messaging for seasonal fruits and sugarcane; start before the peak window.,Prioritize seasonal fruits and sugarcane; maintain safety stock and faster replenishment during peak days.,Add packing and delivery staff for peak order windows,Pre-book local delivery slots and optimize routes,Unsold seasonal inventory after the festival,Synthetic/example scenario: A delivery merchant in Ranchi sees rising seasonal fruits and sugarcane demand from tourists/travellers customers.,Use targeted local messaging in Ranchi and promote seasonal fruits and sugarcane 5-7 days early,0.88,"Synthetic example: Chhath Puja demand in Ranchi typically concentrates around 2-4 days before chhath and morning/evening arghya windows, with upi dominates quick purchases; cards used for higher-value orders; seasonal fruits and sugarcane is relevant to the selected merchant segment."
Chhath Puja,Chhath; Chhath Parv; Surya Shashti,Major regional Hindu festival,Autumn / October-November,4-day festival; dates vary annually,Bihar; Jharkhand; Eastern Uttar Pradesh; migrant communities nationwide,Varanasi,"Sun worship and thanksgiving centered on family wellbeing, purity and community observance",Nahay Khay; Kharna; evening and morning arghya; fasting; offerings,Customers compare prices and respond to bundles,High,2-4 days before Chhath and morning/evening arghya windows,"home: bamboo baskets, diyas and puja items",digital payments,electronics retailer,young adults,Mixed cash and UPI; customers use QR payments at neighbourhood merchants,Free delivery above a threshold,Small instant discount for digital payment,"Geo-target Varanasi customers with festival-specific messaging for bamboo baskets, diyas and puja items; start before the peak window.","Prioritize bamboo baskets, diyas and puja items; maintain safety stock and faster replenishment during peak days.",Add packing and delivery staff for peak order windows,Pre-book local delivery slots and optimize routes,Stockouts on fast-moving SKUs and late replenishment,"Synthetic/example scenario: A electronics retailer in Varanasi sees rising bamboo baskets, diyas and puja items demand from young adults customers.",Add temporary staff for peak hours and pre-book delivery capacity,0.8,"Synthetic example: Chhath Puja demand in Varanasi typically concentrates around 2-4 days before chhath and morning/evening arghya windows, with mixed cash and upi; customers use qr payments at neighbourhood merchants; bamboo baskets, diyas and puja items is relevant to the selected merchant segment."
Chhath Puja,Chhath; Chhath Parv; Surya Shashti,Major regional Hindu festival,Autumn / October-November,4-day festival; dates vary annually,Bihar; Jharkhand; Eastern Uttar Pradesh; migrant communities nationwide,Varanasi,"Sun worship and thanksgiving centered on family wellbeing, purity and community observance",Nahay Khay; Kharna; evening and morning arghya; fasting; offerings,Customers compare prices and respond to bundles,High,2-4 days before Chhath and morning/evening arghya windows,grocery: seasonal fruits and sugarcane,courier/logistics,electronics retailer,families,Digital payments increase during peak hours; contactless/card usage for premium purchases,Festival bundle discount with minimum order value,Higher loyalty points for UPI transactions,Geo-target Varanasi customers with festival-specific messaging for seasonal fruits and sugarcane; start before the peak window.,Prioritize seasonal fruits and sugarcane; maintain safety stock and faster replenishment during peak days.,Add 1-2 sales/counter staff during peak hours,Pre-book local delivery slots and optimize routes,Stockouts on fast-moving SKUs and late replenishment,Synthetic/example scenario: A electronics retailer in Varanasi sees rising seasonal fruits and sugarcane demand from families customers.,Use targeted local messaging in Varanasi and promote seasonal fruits and sugarcane 5-7 days early,0.88,"Synthetic example: Chhath Puja demand in Varanasi typically concentrates around 2-4 days before chhath and morning/evening arghya windows, with digital payments increase during peak hours; contactless/card usage for premium purchases; seasonal fruits and sugarcane is relevant to the selected merchant segment."
Holi,Festival of Colors; Dhulandi; Dol Jatra,Major cultural festival,Spring / February-March,Usually 1-2 main days; dates vary annually,Pan-India; especially North and West India,Mathura-Vrindavan,"Celebration of spring, social bonding, color play and renewal",Holika Dahan; color play; family gatherings; festive meals,Peak-hour walk-ins and quick digital orders increase,Very High,Early planning window; 10-15 days before festival,fashion: white/comfortable casual wear,food delivery,electronics retailer,migrant households,UPI dominates quick purchases; cards used for higher-value orders,Free delivery above a threshold,Free add-on for orders paid digitally,Geo-target Mathura-Vrindavan customers with festival-specific messaging for white/comfortable casual wear; start before the peak window.,Prioritize white/comfortable casual wear; maintain safety stock and faster replenishment during peak days.,"Cross-train staff for billing, packing and customer support",Pre-book local delivery slots and optimize routes,Stockouts on fast-moving SKUs and late replenishment,Synthetic/example scenario: A electronics retailer in Mathura-Vrindavan sees rising white/comfortable casual wear demand from migrant households customers.,Add temporary staff for peak hours and pre-book delivery capacity,0.95,"Synthetic example: Holi demand in Mathura-Vrindavan typically concentrates around early planning window; 10-15 days before festival, with high upi usage for small and medium tickets; cash remains relevant for local purchases; white/comfortable casual wear is relevant to the selected merchant segment."
Holi,Festival of Colors; Dhulandi; Dol Jatra,Major cultural festival,Spring / February-March,Usually 1-2 main days; dates vary annually,Pan-India; especially North and West India,Mathura-Vrindavan,"Celebration of spring, social bonding, color play and renewal",Holika Dahan; color play; family gatherings; festive meals,Bulk buying and family-oriented shopping increases,High,3-7 days before Holi and Holi day,grocery: gujiya ingredients and snacks,food delivery,fashion retailer,premium shoppers,Mixed cash and UPI; customers use QR payments at neighbourhood merchants,5-10% category discount during peak week,Higher loyalty points for UPI transactions,Geo-target Mathura-Vrindavan customers with festival-specific messaging for gujiya ingredients and snacks; start before the peak window.,Prioritize gujiya ingredients and snacks; maintain safety stock and faster replenishment during peak days.,Add 1-2 sales/counter staff during peak hours,Pre-book local delivery slots and optimize routes,Cash-handling and reconciliation issues during peak hours,Synthetic/example scenario: A fashion retailer in Mathura-Vrindavan sees rising gujiya ingredients and snacks demand from premium shoppers customers.,Offer a minimum-order free-delivery threshold and track hourly demand,0.88,"Synthetic example: Holi demand in Mathura-Vrindavan typically concentrates around 3-7 days before holi and holi day, with upi dominates quick purchases; cards used for higher-value orders; gujiya ingredients and snacks is relevant to the selected merchant segment."
Holi,Festival of Colors; Dhulandi; Dol Jatra,Major cultural festival,Spring / February-March,Usually 1-2 main days; dates vary annually,Pan-India; especially North and West India,Jaipur,"Celebration of spring, social bonding, color play and renewal",Holika Dahan; color play; family gatherings; festive meals,Bulk buying and family-oriented shopping increases,High,3-7 days before Holi and Holi day,beauty: organic colors and skin-care products,event catering,delivery merchant,tourists/travellers,UPI dominates quick purchases; cards used for higher-value orders,5-10% category discount during peak week,Higher loyalty points for UPI transactions,Geo-target Jaipur customers with festival-specific messaging for organic colors and skin-care products; start before the peak window.,Prioritize organic colors and skin-care products; maintain safety stock and faster replenishment during peak days.,Add packing and delivery staff for peak order windows,Pre-book local delivery slots and optimize routes,Stockouts on fast-moving SKUs and late replenishment,Synthetic/example scenario: A delivery merchant in Jaipur sees rising organic colors and skin-care products demand from tourists/travellers customers.,Use targeted local messaging in Jaipur and promote organic colors and skin-care products 5-7 days early,0.89,"Synthetic example: Holi demand in Jaipur typically concentrates around 3-7 days before holi and holi day, with mixed cash and upi; customers use qr payments at neighbourhood merchants; organic colors and skin-care products is relevant to the selected merchant segment."
Holi,Festival of Colors; Dhulandi; Dol Jatra,Major cultural festival,Spring / February-March,Usually 1-2 main days; dates vary annually,Pan-India; especially North and West India,Lucknow,"Celebration of spring, social bonding, color play and renewal",Holika Dahan; color play; family gatherings; festive meals,Bulk buying and family-oriented shopping increases,High,3-7 days before Holi and Holi day,travel: short-distance leisure travel,food delivery,sweet shop,office-goers,High UPI usage for small and medium tickets; cash remains relevant for local purchases,Free delivery above a threshold,Free add-on for orders paid digitally,Geo-target Lucknow customers with festival-specific messaging for short-distance leisure travel; start before the peak window.,Prioritize short-distance leisure travel; maintain safety stock and faster replenishment during peak days.,Add 1-2 sales/counter staff during peak hours,Coordinate supplier replenishment before peak days,Stockouts on fast-moving SKUs and late replenishment,Synthetic/example scenario: A sweet shop in Lucknow sees rising short-distance leisure travel demand from office-goers customers.,Offer a minimum-order free-delivery threshold and track hourly demand,0.97,"Synthetic example: Holi demand in Lucknow typically concentrates around 3-7 days before holi and holi day, with digital payments increase during peak hours; contactless/card usage for premium purchases; short-distance leisure travel is relevant to the selected merchant segment."
Holi,Festival of Colors; Dhulandi; Dol Jatra,Major cultural festival,Spring / February-March,Usually 1-2 main days; dates vary annually,Pan-India; especially North and West India,Lucknow,"Celebration of spring, social bonding, color play and renewal",Holika Dahan; color play; family gatherings; festive meals,Bulk buying and family-oriented shopping increases,High,3-7 days before Holi and Holi day,"restaurants: thandai, snacks and festive meals",travel booking,fashion retailer,families,Mixed cash and UPI; customers use QR payments at neighbourhood merchants,5-10% category discount during peak week,UPI cashback or merchant-funded QR incentive,"Geo-target Lucknow customers with festival-specific messaging for thandai, snacks and festive meals; start before the peak window.","Prioritize thandai, snacks and festive meals; maintain safety stock and faster replenishment during peak days.",Add packing and delivery staff for peak order windows,Coordinate supplier replenishment before peak days,Stockouts on fast-moving SKUs and late replenishment,"Synthetic/example scenario: A fashion retailer in Lucknow sees rising thandai, snacks and festive meals demand from families customers.",Add temporary staff for peak hours and pre-book delivery capacity,0.83,"Synthetic example: Holi demand in Lucknow typically concentrates around 3-7 days before holi and holi day, with high upi usage for small and medium tickets; cash remains relevant for local purchases; thandai, snacks and festive meals is relevant to the selected merchant segment."
Holi,Festival of Colors; Dhulandi; Dol Jatra,Major cultural festival,Spring / February-March,Usually 1-2 main days; dates vary annually,Pan-India; especially North and West India,Ahmedabad,"Celebration of spring, social bonding, color play and renewal",Holika Dahan; color play; family gatherings; festive meals,Peak-hour walk-ins and quick digital orders increase,High,3-7 days before Holi and Holi day,fashion: white/comfortable casual wear,laundry/cleaning,restaurant,tourists/travellers,High UPI usage for small and medium tickets; cash remains relevant for local purchases,Buy-more-save-more on festive essentials,Small instant discount for digital payment,Geo-target Ahmedabad customers with festival-specific messaging for white/comfortable casual wear; start before the peak window.,Prioritize white/comfortable casual wear; maintain safety stock and faster replenishment during peak days.,Add 1-2 sales/counter staff during peak hours,Pre-book local delivery slots and optimize routes,Demand spikes causing queueing and delivery delays,Synthetic/example scenario: A restaurant in Ahmedabad sees rising white/comfortable casual wear demand from tourists/travellers customers.,Create a festival bundle around white/comfortable casual wear with a digital-payment incentive,0.79,"Synthetic example: Holi demand in Ahmedabad typically concentrates around 3-7 days before holi and holi day, with upi dominates quick purchases; cards used for higher-value orders; white/comfortable casual wear is relevant to the selected merchant segment."
Holi,Festival of Colors; Dhulandi; Dol Jatra,Major cultural festival,Spring / February-March,Usually 1-2 main days; dates vary annually,Pan-India; especially North and West India,Lucknow,"Celebration of spring, social bonding, color play and renewal",Holika Dahan; color play; family gatherings; festive meals,Customers compare prices and respond to bundles,High,3-7 days before Holi and Holi day,grocery: gujiya ingredients and snacks,digital payments,fashion retailer,office-goers,Mixed cash and UPI; customers use QR payments at neighbourhood merchants,Buy-more-save-more on festive essentials,UPI cashback or merchant-funded QR incentive,Geo-target Lucknow customers with festival-specific messaging for gujiya ingredients and snacks; start before the peak window.,Prioritize gujiya ingredients and snacks; maintain safety stock and faster replenishment during peak days.,"Cross-train staff for billing, packing and customer support",Increase last-mile capacity and packing material,Price competition and promotion margin pressure,Synthetic/example scenario: A fashion retailer in Lucknow sees rising gujiya ingredients and snacks demand from office-goers customers.,Add temporary staff for peak hours and pre-book delivery capacity,0.79,"Synthetic example: Holi demand in Lucknow typically concentrates around 3-7 days before holi and holi day, with mixed cash and upi; customers use qr payments at neighbourhood merchants; gujiya ingredients and snacks is relevant to the selected merchant segment."
Holi,Festival of Colors; Dhulandi; Dol Jatra,Major cultural festival,Spring / February-March,Usually 1-2 main days; dates vary annually,Pan-India; especially North and West India,Mathura-Vrindavan,"Celebration of spring, social bonding, color play and renewal",Holika Dahan; color play; family gatherings; festive meals,Customers compare prices and respond to bundles,High,3-7 days before Holi and Holi day,fashion: white/comfortable casual wear,laundry/cleaning,electronics retailer,office-goers,Digital payments increase during peak hours; contactless/card usage for premium purchases,Free delivery above a threshold,Higher loyalty points for UPI transactions,Geo-target Mathura-Vrindavan customers with festival-specific messaging for white/comfortable casual wear; start before the peak window.,Prioritize white/comfortable casual wear; maintain safety stock and faster replenishment during peak days.,"Cross-train staff for billing, packing and customer support",Increase last-mile capacity and packing material,Price competition and promotion margin pressure,Synthetic/example scenario: A electronics retailer in Mathura-Vrindavan sees rising white/comfortable casual wear demand from office-goers customers.,Use targeted local messaging in Mathura-Vrindavan and promote white/comfortable casual wear 5-7 days early,0.84,"Synthetic example: Holi demand in Mathura-Vrindavan typically concentrates around 3-7 days before holi and holi day, with digital payments increase during peak hours; contactless/card usage for premium purchases; white/comfortable casual wear is relevant to the selected merchant segment."
Holi,Festival of Colors; Dhulandi; Dol Jatra,Major cultural festival,Spring / February-March,Usually 1-2 main days; dates vary annually,Pan-India; especially North and West India,Ahmedabad,"Celebration of spring, social bonding, color play and renewal",Holika Dahan; color play; family gatherings; festive meals,Advance purchases rise before the main ritual day,High,3-7 days before Holi and Holi day,grocery: gujiya ingredients and snacks,laundry/cleaning,jewellery store,young adults,High UPI usage for small and medium tickets; cash remains relevant for local purchases,Festival bundle discount with minimum order value,Higher loyalty points for UPI transactions,Geo-target Ahmedabad customers with festival-specific messaging for gujiya ingredients and snacks; start before the peak window.,Prioritize gujiya ingredients and snacks; maintain safety stock and faster replenishment during peak days.,"Cross-train staff for billing, packing and customer support",Increase last-mile capacity and packing material,Cash-handling and reconciliation issues during peak hours,Synthetic/example scenario: A jewellery store in Ahmedabad sees rising gujiya ingredients and snacks demand from young adults customers.,Create a festival bundle around gujiya ingredients and snacks with a digital-payment incentive,0.88,"Synthetic example: Holi demand in Ahmedabad typically concentrates around 3-7 days before holi and holi day, with high upi usage for small and medium tickets; cash remains relevant for local purchases; gujiya ingredients and snacks is relevant to the selected merchant segment."
Holi,Festival of Colors; Dhulandi; Dol Jatra,Major cultural festival,Spring / February-March,Usually 1-2 main days; dates vary annually,Pan-India; especially North and West India,Jaipur,"Celebration of spring, social bonding, color play and renewal",Holika Dahan; color play; family gatherings; festive meals,Advance purchases rise before the main ritual day,High,3-7 days before Holi and Holi day,fashion: white/comfortable casual wear,food delivery,delivery merchant,office-goers,Digital payments increase during peak hours; contactless/card usage for premium purchases,Buy-more-save-more on festive essentials,UPI cashback or merchant-funded QR incentive,Geo-target Jaipur customers with festival-specific messaging for white/comfortable casual wear; start before the peak window.,Prioritize white/comfortable casual wear; maintain safety stock and faster replenishment during peak days.,Add 1-2 sales/counter staff during peak hours,Coordinate supplier replenishment before peak days,Price competition and promotion margin pressure,Synthetic/example scenario: A delivery merchant in Jaipur sees rising white/comfortable casual wear demand from office-goers customers.,Add temporary staff for peak hours and pre-book delivery capacity,0.86,"Synthetic example: Holi demand in Jaipur typically concentrates around 3-7 days before holi and holi day, with upi dominates quick purchases; cards used for higher-value orders; white/comfortable casual wear is relevant to the selected merchant segment."
Holi,Festival of Colors; Dhulandi; Dol Jatra,Major cultural festival,Spring / February-March,Usually 1-2 main days; dates vary annually,Pan-India; especially North and West India,Jaipur,"Celebration of spring, social bonding, color play and renewal",Holika Dahan; color play; family gatherings; festive meals,Peak-hour walk-ins and quick digital orders increase,Very High,3-7 days before Holi and Holi day,events: party/event supplies,event catering,electronics retailer,migrant households,High UPI usage for small and medium tickets; cash remains relevant for local purchases,5-10% category discount during peak week,UPI cashback or merchant-funded QR incentive,Geo-target Jaipur customers with festival-specific messaging for party/event supplies; start before the peak window.,Prioritize party/event supplies; maintain safety stock and faster replenishment during peak days.,Add 1-2 sales/counter staff during peak hours,Coordinate supplier replenishment before peak days,Demand spikes causing queueing and delivery delays,Synthetic/example scenario: A electronics retailer in Jaipur sees rising party/event supplies demand from migrant households customers.,Offer a minimum-order free-delivery threshold and track hourly demand,0.91,"Synthetic example: Holi demand in Jaipur typically concentrates around 3-7 days before holi and holi day, with mixed cash and upi; customers use qr payments at neighbourhood merchants; party/event supplies is relevant to the selected merchant segment."
Holi,Festival of Colors; Dhulandi; Dol Jatra,Major cultural festival,Spring / February-March,Usually 1-2 main days; dates vary annually,Pan-India; especially North and West India,Lucknow,"Celebration of spring, social bonding, color play and renewal",Holika Dahan; color play; family gatherings; festive meals,Advance purchases rise before the main ritual day,High,3-7 days before Holi and Holi day,fashion: white/comfortable casual wear,digital payments,jewellery store,families,Digital payments increase during peak hours; contactless/card usage for premium purchases,Festival bundle discount with minimum order value,Small instant discount for digital payment,Geo-target Lucknow customers with festival-specific messaging for white/comfortable casual wear; start before the peak window.,Prioritize white/comfortable casual wear; maintain safety stock and faster replenishment during peak days.,"Cross-train staff for billing, packing and customer support",Increase last-mile capacity and packing material,Demand spikes causing queueing and delivery delays,Synthetic/example scenario: A jewellery store in Lucknow sees rising white/comfortable casual wear demand from families customers.,Use targeted local messaging in Lucknow and promote white/comfortable casual wear 5-7 days early,0.96,"Synthetic example: Holi demand in Lucknow typically concentrates around 3-7 days before holi and holi day, with digital payments increase during peak hours; contactless/card usage for premium purchases; white/comfortable casual wear is relevant to the selected merchant segment."
Holi,Festival of Colors; Dhulandi; Dol Jatra,Major cultural festival,Spring / February-March,Usually 1-2 main days; dates vary annually,Pan-India; especially North and West India,Lucknow,"Celebration of spring, social bonding, color play and renewal",Holika Dahan; color play; family gatherings; festive meals,Peak-hour walk-ins and quick digital orders increase,High,3-7 days before Holi and Holi day,"restaurants: thandai, snacks and festive meals",event catering,fashion retailer,premium shoppers,High UPI usage for small and medium tickets; cash remains relevant for local purchases,Buy-more-save-more on festive essentials,Higher loyalty points for UPI transactions,"Geo-target Lucknow customers with festival-specific messaging for thandai, snacks and festive meals; start before the peak window.","Prioritize thandai, snacks and festive meals; maintain safety stock and faster replenishment during peak days.","Cross-train staff for billing, packing and customer support",Increase last-mile capacity and packing material,Stockouts on fast-moving SKUs and late replenishment,"Synthetic/example scenario: A fashion retailer in Lucknow sees rising thandai, snacks and festive meals demand from premium shoppers customers.","Create a festival bundle around thandai, snacks and festive meals with a digital-payment incentive",0.87,"Synthetic example: Holi demand in Lucknow typically concentrates around 3-7 days before holi and holi day, with high upi usage for small and medium tickets; cash remains relevant for local purchases; thandai, snacks and festive meals is relevant to the selected merchant segment."
Holi,Festival of Colors; Dhulandi; Dol Jatra,Major cultural festival,Spring / February-March,Usually 1-2 main days; dates vary annually,Pan-India; especially North and West India,Chandigarh,"Celebration of spring, social bonding, color play and renewal",Holika Dahan; color play; family gatherings; festive meals,Peak-hour walk-ins and quick digital orders increase,High,Early planning window; 10-15 days before festival,beauty: organic colors and skin-care products,food delivery,fashion retailer,tourists/travellers,UPI dominates quick purchases; cards used for higher-value orders,Free delivery above a threshold,UPI cashback or merchant-funded QR incentive,Geo-target Chandigarh customers with festival-specific messaging for organic colors and skin-care products; start before the peak window.,Prioritize organic colors and skin-care products; maintain safety stock and faster replenishment during peak days.,"Cross-train staff for billing, packing and customer support",Increase last-mile capacity and packing material,Stockouts on fast-moving SKUs and late replenishment,Synthetic/example scenario: A fashion retailer in Chandigarh sees rising organic colors and skin-care products demand from tourists/travellers customers.,Create a festival bundle around organic colors and skin-care products with a digital-payment incentive,0.94,"Synthetic example: Holi demand in Chandigarh typically concentrates around early planning window; 10-15 days before festival, with upi dominates quick purchases; cards used for higher-value orders; organic colors and skin-care products is relevant to the selected merchant segment."
Holi,Festival of Colors; Dhulandi; Dol Jatra,Major cultural festival,Spring / February-March,Usually 1-2 main days; dates vary annually,Pan-India; especially North and West India,Lucknow,"Celebration of spring, social bonding, color play and renewal",Holika Dahan; color play; family gatherings; festive meals,Gift-oriented and convenience-driven purchases increase,High,3-7 days before Holi and Holi day,events: party/event supplies,travel booking,neighbourhood retailer,budget-conscious shoppers,UPI dominates quick purchases; cards used for higher-value orders,Festival bundle discount with minimum order value,Small instant discount for digital payment,Geo-target Lucknow customers with festival-specific messaging for party/event supplies; start before the peak window.,Prioritize party/event supplies; maintain safety stock and faster replenishment during peak days.,Add 1-2 sales/counter staff during peak hours,Pre-book local delivery slots and optimize routes,Demand spikes causing queueing and delivery delays,Synthetic/example scenario: A neighbourhood retailer in Lucknow sees rising party/event supplies demand from budget-conscious shoppers customers.,Create a festival bundle around party/event supplies with a digital-payment incentive,0.93,"Synthetic example: Holi demand in Lucknow typically concentrates around 3-7 days before holi and holi day, with mixed cash and upi; customers use qr payments at neighbourhood merchants; party/event supplies is relevant to the selected merchant segment."
Holi,Festival of Colors; Dhulandi; Dol Jatra,Major cultural festival,Spring / February-March,Usually 1-2 main days; dates vary annually,Pan-India; especially North and West India,Mathura-Vrindavan,"Celebration of spring, social bonding, color play and renewal",Holika Dahan; color play; family gatherings; festive meals,Bulk buying and family-oriented shopping increases,High,3-7 days before Holi and Holi day,"restaurants: thandai, snacks and festive meals",laundry/cleaning,electronics retailer,local communities,High UPI usage for small and medium tickets; cash remains relevant for local purchases,Buy-more-save-more on festive essentials,Free add-on for orders paid digitally,"Geo-target Mathura-Vrindavan customers with festival-specific messaging for thandai, snacks and festive meals; start before the peak window.","Prioritize thandai, snacks and festive meals; maintain safety stock and faster replenishment during peak days.","Cross-train staff for billing, packing and customer support",Coordinate supplier replenishment before peak days,Cash-handling and reconciliation issues during peak hours,"Synthetic/example scenario: A electronics retailer in Mathura-Vrindavan sees rising thandai, snacks and festive meals demand from local communities customers.","Create a festival bundle around thandai, snacks and festive meals with a digital-payment incentive",0.9,"Synthetic example: Holi demand in Mathura-Vrindavan typically concentrates around 3-7 days before holi and holi day, with digital payments increase during peak hours; contactless/card usage for premium purchases; thandai, snacks and festive meals is relevant to the selected merchant segment."
Holi,Festival of Colors; Dhulandi; Dol Jatra,Major cultural festival,Spring / February-March,Usually 1-2 main days; dates vary annually,Pan-India; especially North and West India,Chandigarh,"Celebration of spring, social bonding, color play and renewal",Holika Dahan; color play; family gatherings; festive meals,Bulk buying and family-oriented shopping increases,High,3-7 days before Holi and Holi day,"restaurants: thandai, snacks and festive meals",digital payments,jewellery store,office-goers,Digital payments increase during peak hours; contactless/card usage for premium purchases,Free delivery above a threshold,Higher loyalty points for UPI transactions,"Geo-target Chandigarh customers with festival-specific messaging for thandai, snacks and festive meals; start before the peak window.","Prioritize thandai, snacks and festive meals; maintain safety stock and faster replenishment during peak days.",Add 1-2 sales/counter staff during peak hours,Coordinate supplier replenishment before peak days,Stockouts on fast-moving SKUs and late replenishment,"Synthetic/example scenario: A jewellery store in Chandigarh sees rising thandai, snacks and festive meals demand from office-goers customers.","Create a festival bundle around thandai, snacks and festive meals with a digital-payment incentive",0.96,"Synthetic example: Holi demand in Chandigarh typically concentrates around 3-7 days before holi and holi day, with high upi usage for small and medium tickets; cash remains relevant for local purchases; thandai, snacks and festive meals is relevant to the selected merchant segment."
Holi,Festival of Colors; Dhulandi; Dol Jatra,Major cultural festival,Spring / February-March,Usually 1-2 main days; dates vary annually,Pan-India; especially North and West India,Chandigarh,"Celebration of spring, social bonding, color play and renewal",Holika Dahan; color play; family gatherings; festive meals,Gift-oriented and convenience-driven purchases increase,High,3-7 days before Holi and Holi day,events: party/event supplies,laundry/cleaning,restaurant,migrant households,UPI dominates quick purchases; cards used for higher-value orders,Buy-more-save-more on festive essentials,Small instant discount for digital payment,Geo-target Chandigarh customers with festival-specific messaging for party/event supplies; start before the peak window.,Prioritize party/event supplies; maintain safety stock and faster replenishment during peak days.,Add 1-2 sales/counter staff during peak hours,Increase last-mile capacity and packing material,Cash-handling and reconciliation issues during peak hours,Synthetic/example scenario: A restaurant in Chandigarh sees rising party/event supplies demand from migrant households customers.,Increase party/event supplies inventory by 20-35% and set a daily reorder threshold,0.94,"Synthetic example: Holi demand in Chandigarh typically concentrates around 3-7 days before holi and holi day, with upi dominates quick purchases; cards used for higher-value orders; party/event supplies is relevant to the selected merchant segment."
Holi,Festival of Colors; Dhulandi; Dol Jatra,Major cultural festival,Spring / February-March,Usually 1-2 main days; dates vary annually,Pan-India; especially North and West India,Delhi,"Celebration of spring, social bonding, color play and renewal",Holika Dahan; color play; family gatherings; festive meals,Gift-oriented and convenience-driven purchases increase,High,3-7 days before Holi and Holi day,events: party/event supplies,event catering,electronics retailer,budget-conscious shoppers,Mixed cash and UPI; customers use QR payments at neighbourhood merchants,5-10% category discount during peak week,Higher loyalty points for UPI transactions,Geo-target Delhi customers with festival-specific messaging for party/event supplies; start before the peak window.,Prioritize party/event supplies; maintain safety stock and faster replenishment during peak days.,"Cross-train staff for billing, packing and customer support",Coordinate supplier replenishment before peak days,Unsold seasonal inventory after the festival,Synthetic/example scenario: A electronics retailer in Delhi sees rising party/event supplies demand from budget-conscious shoppers customers.,Create a festival bundle around party/event supplies with a digital-payment incentive,0.9,"Synthetic example: Holi demand in Delhi typically concentrates around 3-7 days before holi and holi day, with mixed cash and upi; customers use qr payments at neighbourhood merchants; party/event supplies is relevant to the selected merchant segment."
Holi,Festival of Colors; Dhulandi; Dol Jatra,Major cultural festival,Spring / February-March,Usually 1-2 main days; dates vary annually,Pan-India; especially North and West India,Chandigarh,"Celebration of spring, social bonding, color play and renewal",Holika Dahan; color play; family gatherings; festive meals,Gift-oriented and convenience-driven purchases increase,High,3-7 days before Holi and Holi day,grocery: gujiya ingredients and snacks,food delivery,restaurant,migrant households,High UPI usage for small and medium tickets; cash remains relevant for local purchases,Festival bundle discount with minimum order value,UPI cashback or merchant-funded QR incentive,Geo-target Chandigarh customers with festival-specific messaging for gujiya ingredients and snacks; start before the peak window.,Prioritize gujiya ingredients and snacks; maintain safety stock and faster replenishment during peak days.,Add 1-2 sales/counter staff during peak hours,Coordinate supplier replenishment before peak days,Cash-handling and reconciliation issues during peak hours,Synthetic/example scenario: A restaurant in Chandigarh sees rising gujiya ingredients and snacks demand from migrant households customers.,Offer a minimum-order free-delivery threshold and track hourly demand,0.84,"Synthetic example: Holi demand in Chandigarh typically concentrates around 3-7 days before holi and holi day, with digital payments increase during peak hours; contactless/card usage for premium purchases; gujiya ingredients and snacks is relevant to the selected merchant segment."
Holi,Festival of Colors; Dhulandi; Dol Jatra,Major cultural festival,Spring / February-March,Usually 1-2 main days; dates vary annually,Pan-India; especially North and West India,Lucknow,"Celebration of spring, social bonding, color play and renewal",Holika Dahan; color play; family gatherings; festive meals,Gift-oriented and convenience-driven purchases increase,Very High,3-7 days before Holi and Holi day,travel: short-distance leisure travel,digital payments,sweet shop,office-goers,Mixed cash and UPI; customers use QR payments at neighbourhood merchants,Buy-more-save-more on festive essentials,Free add-on for orders paid digitally,Geo-target Lucknow customers with festival-specific messaging for short-distance leisure travel; start before the peak window.,Prioritize short-distance leisure travel; maintain safety stock and faster replenishment during peak days.,Add 1-2 sales/counter staff during peak hours,Coordinate supplier replenishment before peak days,Stockouts on fast-moving SKUs and late replenishment,Synthetic/example scenario: A sweet shop in Lucknow sees rising short-distance leisure travel demand from office-goers customers.,Use targeted local messaging in Lucknow and promote short-distance leisure travel 5-7 days early,0.95,"Synthetic example: Holi demand in Lucknow typically concentrates around 3-7 days before holi and holi day, with high upi usage for small and medium tickets; cash remains relevant for local purchases; short-distance leisure travel is relevant to the selected merchant segment."
Holi,Festival of Colors; Dhulandi; Dol Jatra,Major cultural festival,Spring / February-March,Usually 1-2 main days; dates vary annually,Pan-India; especially North and West India,Lucknow,"Celebration of spring, social bonding, color play and renewal",Holika Dahan; color play; family gatherings; festive meals,Peak-hour walk-ins and quick digital orders increase,High,3-7 days before Holi and Holi day,"restaurants: thandai, snacks and festive meals",event catering,travel operator,young adults,UPI dominates quick purchases; cards used for higher-value orders,Buy-more-save-more on festive essentials,Small instant discount for digital payment,"Geo-target Lucknow customers with festival-specific messaging for thandai, snacks and festive meals; start before the peak window.","Prioritize thandai, snacks and festive meals; maintain safety stock and faster replenishment during peak days.",Add packing and delivery staff for peak order windows,Coordinate supplier replenishment before peak days,Demand spikes causing queueing and delivery delays,"Synthetic/example scenario: A travel operator in Lucknow sees rising thandai, snacks and festive meals demand from young adults customers.","Use targeted local messaging in Lucknow and promote thandai, snacks and festive meals 5-7 days early",0.86,"Synthetic example: Holi demand in Lucknow typically concentrates around 3-7 days before holi and holi day, with upi dominates quick purchases; cards used for higher-value orders; thandai, snacks and festive meals is relevant to the selected merchant segment."
Holi,Festival of Colors; Dhulandi; Dol Jatra,Major cultural festival,Spring / February-March,Usually 1-2 main days; dates vary annually,Pan-India; especially North and West India,Ahmedabad,"Celebration of spring, social bonding, color play and renewal",Holika Dahan; color play; family gatherings; festive meals,Advance purchases rise before the main ritual day,High,3-7 days before Holi and Holi day,fashion: white/comfortable casual wear,food delivery,electronics retailer,office-goers,UPI dominates quick purchases; cards used for higher-value orders,Free delivery above a threshold,UPI cashback or merchant-funded QR incentive,Geo-target Ahmedabad customers with festival-specific messaging for white/comfortable casual wear; start before the peak window.,Prioritize white/comfortable casual wear; maintain safety stock and faster replenishment during peak days.,Add packing and delivery staff for peak order windows,Increase last-mile capacity and packing material,Unsold seasonal inventory after the festival,Synthetic/example scenario: A electronics retailer in Ahmedabad sees rising white/comfortable casual wear demand from office-goers customers.,Offer a minimum-order free-delivery threshold and track hourly demand,0.89,"Synthetic example: Holi demand in Ahmedabad typically concentrates around 3-7 days before holi and holi day, with mixed cash and upi; customers use qr payments at neighbourhood merchants; white/comfortable casual wear is relevant to the selected merchant segment."
Holi,Festival of Colors; Dhulandi; Dol Jatra,Major cultural festival,Spring / February-March,Usually 1-2 main days; dates vary annually,Pan-India; especially North and West India,Delhi,"Celebration of spring, social bonding, color play and renewal",Holika Dahan; color play; family gatherings; festive meals,Customers compare prices and respond to bundles,High,3-7 days before Holi and Holi day,beauty: organic colors and skin-care products,travel booking,neighbourhood retailer,families,Mixed cash and UPI; customers use QR payments at neighbourhood merchants,Loyalty points or wallet cashback on repeat purchases,Higher loyalty points for UPI transactions,Geo-target Delhi customers with festival-specific messaging for organic colors and skin-care products; start before the peak window.,Prioritize organic colors and skin-care products; maintain safety stock and faster replenishment during peak days.,Add 1-2 sales/counter staff during peak hours,Pre-book local delivery slots and optimize routes,Price competition and promotion margin pressure,Synthetic/example scenario: A neighbourhood retailer in Delhi sees rising organic colors and skin-care products demand from families customers.,Offer a minimum-order free-delivery threshold and track hourly demand,0.86,"Synthetic example: Holi demand in Delhi typically concentrates around 3-7 days before holi and holi day, with digital payments increase during peak hours; contactless/card usage for premium purchases; organic colors and skin-care products is relevant to the selected merchant segment."
Holi,Festival of Colors; Dhulandi; Dol Jatra,Major cultural festival,Spring / February-March,Usually 1-2 main days; dates vary annually,Pan-India; especially North and West India,Chandigarh,"Celebration of spring, social bonding, color play and renewal",Holika Dahan; color play; family gatherings; festive meals,Peak-hour walk-ins and quick digital orders increase,High,3-7 days before Holi and Holi day,"restaurants: thandai, snacks and festive meals",travel booking,travel operator,tourists/travellers,Digital payments increase during peak hours; contactless/card usage for premium purchases,5-10% category discount during peak week,Small instant discount for digital payment,"Geo-target Chandigarh customers with festival-specific messaging for thandai, snacks and festive meals; start before the peak window.","Prioritize thandai, snacks and festive meals; maintain safety stock and faster replenishment during peak days.","Cross-train staff for billing, packing and customer support",Increase last-mile capacity and packing material,Price competition and promotion margin pressure,"Synthetic/example scenario: A travel operator in Chandigarh sees rising thandai, snacks and festive meals demand from tourists/travellers customers.","Increase thandai, snacks and festive meals inventory by 20-35% and set a daily reorder threshold",0.8,"Synthetic example: Holi demand in Chandigarh typically concentrates around 3-7 days before holi and holi day, with high upi usage for small and medium tickets; cash remains relevant for local purchases; thandai, snacks and festive meals is relevant to the selected merchant segment."
Holi,Festival of Colors; Dhulandi; Dol Jatra,Major cultural festival,Spring / February-March,Usually 1-2 main days; dates vary annually,Pan-India; especially North and West India,Mathura-Vrindavan,"Celebration of spring, social bonding, color play and renewal",Holika Dahan; color play; family gatherings; festive meals,Bulk buying and family-oriented shopping increases,High,3-7 days before Holi and Holi day,grocery: gujiya ingredients and snacks,digital payments,fashion retailer,tourists/travellers,Digital payments increase during peak hours; contactless/card usage for premium purchases,5-10% category discount during peak week,Higher loyalty points for UPI transactions,Geo-target Mathura-Vrindavan customers with festival-specific messaging for gujiya ingredients and snacks; start before the peak window.,Prioritize gujiya ingredients and snacks; maintain safety stock and faster replenishment during peak days.,"Cross-train staff for billing, packing and customer support",Increase last-mile capacity and packing material,Price competition and promotion margin pressure,Synthetic/example scenario: A fashion retailer in Mathura-Vrindavan sees rising gujiya ingredients and snacks demand from tourists/travellers customers.,Add temporary staff for peak hours and pre-book delivery capacity,0.88,"Synthetic example: Holi demand in Mathura-Vrindavan typically concentrates around 3-7 days before holi and holi day, with upi dominates quick purchases; cards used for higher-value orders; gujiya ingredients and snacks is relevant to the selected merchant segment."
Holi,Festival of Colors; Dhulandi; Dol Jatra,Major cultural festival,Spring / February-March,Usually 1-2 main days; dates vary annually,Pan-India; especially North and West India,Lucknow,"Celebration of spring, social bonding, color play and renewal",Holika Dahan; color play; family gatherings; festive meals,Gift-oriented and convenience-driven purchases increase,High,Early planning window; 10-15 days before festival,"restaurants: thandai, snacks and festive meals",event catering,grocery store,office-goers,Mixed cash and UPI; customers use QR payments at neighbourhood merchants,Festival bundle discount with minimum order value,Free add-on for orders paid digitally,"Geo-target Lucknow customers with festival-specific messaging for thandai, snacks and festive meals; start before the peak window.","Prioritize thandai, snacks and festive meals; maintain safety stock and faster replenishment during peak days.","Cross-train staff for billing, packing and customer support",Increase last-mile capacity and packing material,Cash-handling and reconciliation issues during peak hours,"Synthetic/example scenario: A grocery store in Lucknow sees rising thandai, snacks and festive meals demand from office-goers customers.",Offer a minimum-order free-delivery threshold and track hourly demand,0.82,"Synthetic example: Holi demand in Lucknow typically concentrates around early planning window; 10-15 days before festival, with mixed cash and upi; customers use qr payments at neighbourhood merchants; thandai, snacks and festive meals is relevant to the selected merchant segment."
Holi,Festival of Colors; Dhulandi; Dol Jatra,Major cultural festival,Spring / February-March,Usually 1-2 main days; dates vary annually,Pan-India; especially North and West India,Lucknow,"Celebration of spring, social bonding, color play and renewal",Holika Dahan; color play; family gatherings; festive meals,Advance purchases rise before the main ritual day,High,3-7 days before Holi and Holi day,travel: short-distance leisure travel,food delivery,delivery merchant,young adults,Mixed cash and UPI; customers use QR payments at neighbourhood merchants,5-10% category discount during peak week,Small instant discount for digital payment,Geo-target Lucknow customers with festival-specific messaging for short-distance leisure travel; start before the peak window.,Prioritize short-distance leisure travel; maintain safety stock and faster replenishment during peak days.,"Cross-train staff for billing, packing and customer support",Coordinate supplier replenishment before peak days,Stockouts on fast-moving SKUs and late replenishment,Synthetic/example scenario: A delivery merchant in Lucknow sees rising short-distance leisure travel demand from young adults customers.,Use targeted local messaging in Lucknow and promote short-distance leisure travel 5-7 days early,0.85,"Synthetic example: Holi demand in Lucknow typically concentrates around 3-7 days before holi and holi day, with digital payments increase during peak hours; contactless/card usage for premium purchases; short-distance leisure travel is relevant to the selected merchant segment."
Holi,Festival of Colors; Dhulandi; Dol Jatra,Major cultural festival,Spring / February-March,Usually 1-2 main days; dates vary annually,Pan-India; especially North and West India,Chandigarh,"Celebration of spring, social bonding, color play and renewal",Holika Dahan; color play; family gatherings; festive meals,Gift-oriented and convenience-driven purchases increase,High,3-7 days before Holi and Holi day,"restaurants: thandai, snacks and festive meals",event catering,grocery store,families,Digital payments increase during peak hours; contactless/card usage for premium purchases,5-10% category discount during peak week,Small instant discount for digital payment,"Geo-target Chandigarh customers with festival-specific messaging for thandai, snacks and festive meals; start before the peak window.","Prioritize thandai, snacks and festive meals; maintain safety stock and faster replenishment during peak days.",Add packing and delivery staff for peak order windows,Coordinate supplier replenishment before peak days,Demand spikes causing queueing and delivery delays,"Synthetic/example scenario: A grocery store in Chandigarh sees rising thandai, snacks and festive meals demand from families customers.",Add temporary staff for peak hours and pre-book delivery capacity,0.93,"Synthetic example: Holi demand in Chandigarh typically concentrates around 3-7 days before holi and holi day, with high upi usage for small and medium tickets; cash remains relevant for local purchases; thandai, snacks and festive meals is relevant to the selected merchant segment."
Holi,Festival of Colors; Dhulandi; Dol Jatra,Major cultural festival,Spring / February-March,Usually 1-2 main days; dates vary annually,Pan-India; especially North and West India,Delhi,"Celebration of spring, social bonding, color play and renewal",Holika Dahan; color play; family gatherings; festive meals,Gift-oriented and convenience-driven purchases increase,High,3-7 days before Holi and Holi day,fashion: white/comfortable casual wear,digital payments,jewellery store,budget-conscious shoppers,Digital payments increase during peak hours; contactless/card usage for premium purchases,Loyalty points or wallet cashback on repeat purchases,Higher loyalty points for UPI transactions,Geo-target Delhi customers with festival-specific messaging for white/comfortable casual wear; start before the peak window.,Prioritize white/comfortable casual wear; maintain safety stock and faster replenishment during peak days.,Add packing and delivery staff for peak order windows,Pre-book local delivery slots and optimize routes,Unsold seasonal inventory after the festival,Synthetic/example scenario: A jewellery store in Delhi sees rising white/comfortable casual wear demand from budget-conscious shoppers customers.,Offer a minimum-order free-delivery threshold and track hourly demand,0.94,"Synthetic example: Holi demand in Delhi typically concentrates around 3-7 days before holi and holi day, with upi dominates quick purchases; cards used for higher-value orders; white/comfortable casual wear is relevant to the selected merchant segment."
Holi,Festival of Colors; Dhulandi; Dol Jatra,Major cultural festival,Spring / February-March,Usually 1-2 main days; dates vary annually,Pan-India; especially North and West India,Lucknow,"Celebration of spring, social bonding, color play and renewal",Holika Dahan; color play; family gatherings; festive meals,Advance purchases rise before the main ritual day,Very High,3-7 days before Holi and Holi day,fashion: white/comfortable casual wear,digital payments,neighbourhood retailer,office-goers,UPI dominates quick purchases; cards used for higher-value orders,Festival bundle discount with minimum order value,Free add-on for orders paid digitally,Geo-target Lucknow customers with festival-specific messaging for white/comfortable casual wear; start before the peak window.,Prioritize white/comfortable casual wear; maintain safety stock and faster replenishment during peak days.,Add 1-2 sales/counter staff during peak hours,Coordinate supplier replenishment before peak days,Unsold seasonal inventory after the festival,Synthetic/example scenario: A neighbourhood retailer in Lucknow sees rising white/comfortable casual wear demand from office-goers customers.,Increase white/comfortable casual wear inventory by 20-35% and set a daily reorder threshold,0.89,"Synthetic example: Holi demand in Lucknow typically concentrates around 3-7 days before holi and holi day, with mixed cash and upi; customers use qr payments at neighbourhood merchants; white/comfortable casual wear is relevant to the selected merchant segment."
Holi,Festival of Colors; Dhulandi; Dol Jatra,Major cultural festival,Spring / February-March,Usually 1-2 main days; dates vary annually,Pan-India; especially North and West India,Ahmedabad,"Celebration of spring, social bonding, color play and renewal",Holika Dahan; color play; family gatherings; festive meals,Bulk buying and family-oriented shopping increases,High,3-7 days before Holi and Holi day,events: party/event supplies,food delivery,delivery merchant,office-goers,UPI dominates quick purchases; cards used for higher-value orders,Festival bundle discount with minimum order value,Free add-on for orders paid digitally,Geo-target Ahmedabad customers with festival-specific messaging for party/event supplies; start before the peak window.,Prioritize party/event supplies; maintain safety stock and faster replenishment during peak days.,Add packing and delivery staff for peak order windows,Increase last-mile capacity and packing material,Demand spikes causing queueing and delivery delays,Synthetic/example scenario: A delivery merchant in Ahmedabad sees rising party/event supplies demand from office-goers customers.,Increase party/event supplies inventory by 20-35% and set a daily reorder threshold,0.89,"Synthetic example: Holi demand in Ahmedabad typically concentrates around 3-7 days before holi and holi day, with digital payments increase during peak hours; contactless/card usage for premium purchases; party/event supplies is relevant to the selected merchant segment."
Holi,Festival of Colors; Dhulandi; Dol Jatra,Major cultural festival,Spring / February-March,Usually 1-2 main days; dates vary annually,Pan-India; especially North and West India,Jaipur,"Celebration of spring, social bonding, color play and renewal",Holika Dahan; color play; family gatherings; festive meals,Bulk buying and family-oriented shopping increases,High,3-7 days before Holi and Holi day,beauty: organic colors and skin-care products,digital payments,sweet shop,office-goers,UPI dominates quick purchases; cards used for higher-value orders,Loyalty points or wallet cashback on repeat purchases,Small instant discount for digital payment,Geo-target Jaipur customers with festival-specific messaging for organic colors and skin-care products; start before the peak window.,Prioritize organic colors and skin-care products; maintain safety stock and faster replenishment during peak days.,"Cross-train staff for billing, packing and customer support",Increase last-mile capacity and packing material,Cash-handling and reconciliation issues during peak hours,Synthetic/example scenario: A sweet shop in Jaipur sees rising organic colors and skin-care products demand from office-goers customers.,Use targeted local messaging in Jaipur and promote organic colors and skin-care products 5-7 days early,0.95,"Synthetic example: Holi demand in Jaipur typically concentrates around 3-7 days before holi and holi day, with high upi usage for small and medium tickets; cash remains relevant for local purchases; organic colors and skin-care products is relevant to the selected merchant segment."
Holi,Festival of Colors; Dhulandi; Dol Jatra,Major cultural festival,Spring / February-March,Usually 1-2 main days; dates vary annually,Pan-India; especially North and West India,Jaipur,"Celebration of spring, social bonding, color play and renewal",Holika Dahan; color play; family gatherings; festive meals,Advance purchases rise before the main ritual day,High,3-7 days before Holi and Holi day,events: party/event supplies,travel booking,home-services provider,office-goers,Mixed cash and UPI; customers use QR payments at neighbourhood merchants,Buy-more-save-more on festive essentials,Free add-on for orders paid digitally,Geo-target Jaipur customers with festival-specific messaging for party/event supplies; start before the peak window.,Prioritize party/event supplies; maintain safety stock and faster replenishment during peak days.,Add 1-2 sales/counter staff during peak hours,Pre-book local delivery slots and optimize routes,Demand spikes causing queueing and delivery delays,Synthetic/example scenario: A home-services provider in Jaipur sees rising party/event supplies demand from office-goers customers.,Use targeted local messaging in Jaipur and promote party/event supplies 5-7 days early,0.95,"Synthetic example: Holi demand in Jaipur typically concentrates around 3-7 days before holi and holi day, with upi dominates quick purchases; cards used for higher-value orders; party/event supplies is relevant to the selected merchant segment."
Holi,Festival of Colors; Dhulandi; Dol Jatra,Major cultural festival,Spring / February-March,Usually 1-2 main days; dates vary annually,Pan-India; especially North and West India,Chandigarh,"Celebration of spring, social bonding, color play and renewal",Holika Dahan; color play; family gatherings; festive meals,Peak-hour walk-ins and quick digital orders increase,High,3-7 days before Holi and Holi day,fashion: white/comfortable casual wear,travel booking,fashion retailer,premium shoppers,Mixed cash and UPI; customers use QR payments at neighbourhood merchants,Free delivery above a threshold,Higher loyalty points for UPI transactions,Geo-target Chandigarh customers with festival-specific messaging for white/comfortable casual wear; start before the peak window.,Prioritize white/comfortable casual wear; maintain safety stock and faster replenishment during peak days.,"Cross-train staff for billing, packing and customer support",Coordinate supplier replenishment before peak days,Unsold seasonal inventory after the festival,Synthetic/example scenario: A fashion retailer in Chandigarh sees rising white/comfortable casual wear demand from premium shoppers customers.,Create a festival bundle around white/comfortable casual wear with a digital-payment incentive,0.91,"Synthetic example: Holi demand in Chandigarh typically concentrates around 3-7 days before holi and holi day, with mixed cash and upi; customers use qr payments at neighbourhood merchants; white/comfortable casual wear is relevant to the selected merchant segment."
Holi,Festival of Colors; Dhulandi; Dol Jatra,Major cultural festival,Spring / February-March,Usually 1-2 main days; dates vary annually,Pan-India; especially North and West India,Lucknow,"Celebration of spring, social bonding, color play and renewal",Holika Dahan; color play; family gatherings; festive meals,Advance purchases rise before the main ritual day,High,3-7 days before Holi and Holi day,fashion: white/comfortable casual wear,laundry/cleaning,neighbourhood retailer,office-goers,High UPI usage for small and medium tickets; cash remains relevant for local purchases,Buy-more-save-more on festive essentials,Free add-on for orders paid digitally,Geo-target Lucknow customers with festival-specific messaging for white/comfortable casual wear; start before the peak window.,Prioritize white/comfortable casual wear; maintain safety stock and faster replenishment during peak days.,"Cross-train staff for billing, packing and customer support",Increase last-mile capacity and packing material,Unsold seasonal inventory after the festival,Synthetic/example scenario: A neighbourhood retailer in Lucknow sees rising white/comfortable casual wear demand from office-goers customers.,Create a festival bundle around white/comfortable casual wear with a digital-payment incentive,0.84,"Synthetic example: Holi demand in Lucknow typically concentrates around 3-7 days before holi and holi day, with digital payments increase during peak hours; contactless/card usage for premium purchases; white/comfortable casual wear is relevant to the selected merchant segment."
Holi,Festival of Colors; Dhulandi; Dol Jatra,Major cultural festival,Spring / February-March,Usually 1-2 main days; dates vary annually,Pan-India; especially North and West India,Jaipur,"Celebration of spring, social bonding, color play and renewal",Holika Dahan; color play; family gatherings; festive meals,Customers compare prices and respond to bundles,High,3-7 days before Holi and Holi day,events: party/event supplies,digital payments,sweet shop,premium shoppers,High UPI usage for small and medium tickets; cash remains relevant for local purchases,Loyalty points or wallet cashback on repeat purchases,Small instant discount for digital payment,Geo-target Jaipur customers with festival-specific messaging for party/event supplies; start before the peak window.,Prioritize party/event supplies; maintain safety stock and faster replenishment during peak days.,Add 1-2 sales/counter staff during peak hours,Pre-book local delivery slots and optimize routes,Unsold seasonal inventory after the festival,Synthetic/example scenario: A sweet shop in Jaipur sees rising party/event supplies demand from premium shoppers customers.,Offer a minimum-order free-delivery threshold and track hourly demand,0.91,"Synthetic example: Holi demand in Jaipur typically concentrates around 3-7 days before holi and holi day, with high upi usage for small and medium tickets; cash remains relevant for local purchases; party/event supplies is relevant to the selected merchant segment."
Holi,Festival of Colors; Dhulandi; Dol Jatra,Major cultural festival,Spring / February-March,Usually 1-2 main days; dates vary annually,Pan-India; especially North and West India,Chandigarh,"Celebration of spring, social bonding, color play and renewal",Holika Dahan; color play; family gatherings; festive meals,Peak-hour walk-ins and quick digital orders increase,High,3-7 days before Holi and Holi day,events: party/event supplies,event catering,sweet shop,premium shoppers,High UPI usage for small and medium tickets; cash remains relevant for local purchases,5-10% category discount during peak week,UPI cashback or merchant-funded QR incentive,Geo-target Chandigarh customers with festival-specific messaging for party/event supplies; start before the peak window.,Prioritize party/event supplies; maintain safety stock and faster replenishment during peak days.,"Cross-train staff for billing, packing and customer support",Pre-book local delivery slots and optimize routes,Stockouts on fast-moving SKUs and late replenishment,Synthetic/example scenario: A sweet shop in Chandigarh sees rising party/event supplies demand from premium shoppers customers.,Use targeted local messaging in Chandigarh and promote party/event supplies 5-7 days early,0.84,"Synthetic example: Holi demand in Chandigarh typically concentrates around 3-7 days before holi and holi day, with upi dominates quick purchases; cards used for higher-value orders; party/event supplies is relevant to the selected merchant segment."
Holi,Festival of Colors; Dhulandi; Dol Jatra,Major cultural festival,Spring / February-March,Usually 1-2 main days; dates vary annually,Pan-India; especially North and West India,Ahmedabad,"Celebration of spring, social bonding, color play and renewal",Holika Dahan; color play; family gatherings; festive meals,Bulk buying and family-oriented shopping increases,High,3-7 days before Holi and Holi day,"restaurants: thandai, snacks and festive meals",food delivery,travel operator,tourists/travellers,High UPI usage for small and medium tickets; cash remains relevant for local purchases,Loyalty points or wallet cashback on repeat purchases,Small instant discount for digital payment,"Geo-target Ahmedabad customers with festival-specific messaging for thandai, snacks and festive meals; start before the peak window.","Prioritize thandai, snacks and festive meals; maintain safety stock and faster replenishment during peak days.","Cross-train staff for billing, packing and customer support",Coordinate supplier replenishment before peak days,Unsold seasonal inventory after the festival,"Synthetic/example scenario: A travel operator in Ahmedabad sees rising thandai, snacks and festive meals demand from tourists/travellers customers.",Add temporary staff for peak hours and pre-book delivery capacity,0.83,"Synthetic example: Holi demand in Ahmedabad typically concentrates around 3-7 days before holi and holi day, with mixed cash and upi; customers use qr payments at neighbourhood merchants; thandai, snacks and festive meals is relevant to the selected merchant segment."
Holi,Festival of Colors; Dhulandi; Dol Jatra,Major cultural festival,Spring / February-March,Usually 1-2 main days; dates vary annually,Pan-India; especially North and West India,Mathura-Vrindavan,"Celebration of spring, social bonding, color play and renewal",Holika Dahan; color play; family gatherings; festive meals,Customers compare prices and respond to bundles,High,Early planning window; 10-15 days before festival,events: party/event supplies,food delivery,restaurant,office-goers,Mixed cash and UPI; customers use QR payments at neighbourhood merchants,Festival bundle discount with minimum order value,UPI cashback or merchant-funded QR incentive,Geo-target Mathura-Vrindavan customers with festival-specific messaging for party/event supplies; start before the peak window.,Prioritize party/event supplies; maintain safety stock and faster replenishment during peak days.,Add packing and delivery staff for peak order windows,Coordinate supplier replenishment before peak days,Stockouts on fast-moving SKUs and late replenishment,Synthetic/example scenario: A restaurant in Mathura-Vrindavan sees rising party/event supplies demand from office-goers customers.,Use targeted local messaging in Mathura-Vrindavan and promote party/event supplies 5-7 days early,0.93,"Synthetic example: Holi demand in Mathura-Vrindavan typically concentrates around early planning window; 10-15 days before festival, with digital payments increase during peak hours; contactless/card usage for premium purchases; party/event supplies is relevant to the selected merchant segment."
Holi,Festival of Colors; Dhulandi; Dol Jatra,Major cultural festival,Spring / February-March,Usually 1-2 main days; dates vary annually,Pan-India; especially North and West India,Mathura-Vrindavan,"Celebration of spring, social bonding, color play and renewal",Holika Dahan; color play; family gatherings; festive meals,Customers compare prices and respond to bundles,Very High,3-7 days before Holi and Holi day,travel: short-distance leisure travel,laundry/cleaning,electronics retailer,budget-conscious shoppers,Digital payments increase during peak hours; contactless/card usage for premium purchases,Buy-more-save-more on festive essentials,Small instant discount for digital payment,Geo-target Mathura-Vrindavan customers with festival-specific messaging for short-distance leisure travel; start before the peak window.,Prioritize short-distance leisure travel; maintain safety stock and faster replenishment during peak days.,Add 1-2 sales/counter staff during peak hours,Increase last-mile capacity and packing material,Cash-handling and reconciliation issues during peak hours,Synthetic/example scenario: A electronics retailer in Mathura-Vrindavan sees rising short-distance leisure travel demand from budget-conscious shoppers customers.,Offer a minimum-order free-delivery threshold and track hourly demand,0.87,"Synthetic example: Holi demand in Mathura-Vrindavan typically concentrates around 3-7 days before holi and holi day, with high upi usage for small and medium tickets; cash remains relevant for local purchases; short-distance leisure travel is relevant to the selected merchant segment."
Holi,Festival of Colors; Dhulandi; Dol Jatra,Major cultural festival,Spring / February-March,Usually 1-2 main days; dates vary annually,Pan-India; especially North and West India,Ahmedabad,"Celebration of spring, social bonding, color play and renewal",Holika Dahan; color play; family gatherings; festive meals,Gift-oriented and convenience-driven purchases increase,High,3-7 days before Holi and Holi day,beauty: organic colors and skin-care products,food delivery,travel operator,budget-conscious shoppers,UPI dominates quick purchases; cards used for higher-value orders,5-10% category discount during peak week,Free add-on for orders paid digitally,Geo-target Ahmedabad customers with festival-specific messaging for organic colors and skin-care products; start before the peak window.,Prioritize organic colors and skin-care products; maintain safety stock and faster replenishment during peak days.,Add packing and delivery staff for peak order windows,Coordinate supplier replenishment before peak days,Stockouts on fast-moving SKUs and late replenishment,Synthetic/example scenario: A travel operator in Ahmedabad sees rising organic colors and skin-care products demand from budget-conscious shoppers customers.,Add temporary staff for peak hours and pre-book delivery capacity,0.93,"Synthetic example: Holi demand in Ahmedabad typically concentrates around 3-7 days before holi and holi day, with upi dominates quick purchases; cards used for higher-value orders; organic colors and skin-care products is relevant to the selected merchant segment."
Holi,Festival of Colors; Dhulandi; Dol Jatra,Major cultural festival,Spring / February-March,Usually 1-2 main days; dates vary annually,Pan-India; especially North and West India,Mathura-Vrindavan,"Celebration of spring, social bonding, color play and renewal",Holika Dahan; color play; family gatherings; festive meals,Customers compare prices and respond to bundles,High,3-7 days before Holi and Holi day,fashion: white/comfortable casual wear,food delivery,jewellery store,young adults,High UPI usage for small and medium tickets; cash remains relevant for local purchases,Buy-more-save-more on festive essentials,Free add-on for orders paid digitally,Geo-target Mathura-Vrindavan customers with festival-specific messaging for white/comfortable casual wear; start before the peak window.,Prioritize white/comfortable casual wear; maintain safety stock and faster replenishment during peak days.,Add 1-2 sales/counter staff during peak hours,Increase last-mile capacity and packing material,Demand spikes causing queueing and delivery delays,Synthetic/example scenario: A jewellery store in Mathura-Vrindavan sees rising white/comfortable casual wear demand from young adults customers.,Use targeted local messaging in Mathura-Vrindavan and promote white/comfortable casual wear 5-7 days early,0.84,"Synthetic example: Holi demand in Mathura-Vrindavan typically concentrates around 3-7 days before holi and holi day, with mixed cash and upi; customers use qr payments at neighbourhood merchants; white/comfortable casual wear is relevant to the selected merchant segment."
Holi,Festival of Colors; Dhulandi; Dol Jatra,Major cultural festival,Spring / February-March,Usually 1-2 main days; dates vary annually,Pan-India; especially North and West India,Lucknow,"Celebration of spring, social bonding, color play and renewal",Holika Dahan; color play; family gatherings; festive meals,Bulk buying and family-oriented shopping increases,High,3-7 days before Holi and Holi day,fashion: white/comfortable casual wear,travel booking,fashion retailer,families,Digital payments increase during peak hours; contactless/card usage for premium purchases,Buy-more-save-more on festive essentials,Small instant discount for digital payment,Geo-target Lucknow customers with festival-specific messaging for white/comfortable casual wear; start before the peak window.,Prioritize white/comfortable casual wear; maintain safety stock and faster replenishment during peak days.,Add packing and delivery staff for peak order windows,Coordinate supplier replenishment before peak days,Unsold seasonal inventory after the festival,Synthetic/example scenario: A fashion retailer in Lucknow sees rising white/comfortable casual wear demand from families customers.,Create a festival bundle around white/comfortable casual wear with a digital-payment incentive,0.79,"Synthetic example: Holi demand in Lucknow typically concentrates around 3-7 days before holi and holi day, with digital payments increase during peak hours; contactless/card usage for premium purchases; white/comfortable casual wear is relevant to the selected merchant segment."
Holi,Festival of Colors; Dhulandi; Dol Jatra,Major cultural festival,Spring / February-March,Usually 1-2 main days; dates vary annually,Pan-India; especially North and West India,Ahmedabad,"Celebration of spring, social bonding, color play and renewal",Holika Dahan; color play; family gatherings; festive meals,Customers compare prices and respond to bundles,High,3-7 days before Holi and Holi day,travel: short-distance leisure travel,travel booking,fashion retailer,young adults,Digital payments increase during peak hours; contactless/card usage for premium purchases,5-10% category discount during peak week,Free add-on for orders paid digitally,Geo-target Ahmedabad customers with festival-specific messaging for short-distance leisure travel; start before the peak window.,Prioritize short-distance leisure travel; maintain safety stock and faster replenishment during peak days.,"Cross-train staff for billing, packing and customer support",Coordinate supplier replenishment before peak days,Unsold seasonal inventory after the festival,Synthetic/example scenario: A fashion retailer in Ahmedabad sees rising short-distance leisure travel demand from young adults customers.,Offer a minimum-order free-delivery threshold and track hourly demand,0.82,"Synthetic example: Holi demand in Ahmedabad typically concentrates around 3-7 days before holi and holi day, with high upi usage for small and medium tickets; cash remains relevant for local purchases; short-distance leisure travel is relevant to the selected merchant segment."
Holi,Festival of Colors; Dhulandi; Dol Jatra,Major cultural festival,Spring / February-March,Usually 1-2 main days; dates vary annually,Pan-India; especially North and West India,Jaipur,"Celebration of spring, social bonding, color play and renewal",Holika Dahan; color play; family gatherings; festive meals,Gift-oriented and convenience-driven purchases increase,High,3-7 days before Holi and Holi day,fashion: white/comfortable casual wear,digital payments,home-services provider,tourists/travellers,High UPI usage for small and medium tickets; cash remains relevant for local purchases,Loyalty points or wallet cashback on repeat purchases,Free add-on for orders paid digitally,Geo-target Jaipur customers with festival-specific messaging for white/comfortable casual wear; start before the peak window.,Prioritize white/comfortable casual wear; maintain safety stock and faster replenishment during peak days.,"Cross-train staff for billing, packing and customer support",Coordinate supplier replenishment before peak days,Demand spikes causing queueing and delivery delays,Synthetic/example scenario: A home-services provider in Jaipur sees rising white/comfortable casual wear demand from tourists/travellers customers.,Create a festival bundle around white/comfortable casual wear with a digital-payment incentive,0.91,"Synthetic example: Holi demand in Jaipur typically concentrates around 3-7 days before holi and holi day, with upi dominates quick purchases; cards used for higher-value orders; white/comfortable casual wear is relevant to the selected merchant segment."
Holi,Festival of Colors; Dhulandi; Dol Jatra,Major cultural festival,Spring / February-March,Usually 1-2 main days; dates vary annually,Pan-India; especially North and West India,Mathura-Vrindavan,"Celebration of spring, social bonding, color play and renewal",Holika Dahan; color play; family gatherings; festive meals,Gift-oriented and convenience-driven purchases increase,High,3-7 days before Holi and Holi day,fashion: white/comfortable casual wear,event catering,delivery merchant,young adults,UPI dominates quick purchases; cards used for higher-value orders,5-10% category discount during peak week,Higher loyalty points for UPI transactions,Geo-target Mathura-Vrindavan customers with festival-specific messaging for white/comfortable casual wear; start before the peak window.,Prioritize white/comfortable casual wear; maintain safety stock and faster replenishment during peak days.,"Cross-train staff for billing, packing and customer support",Increase last-mile capacity and packing material,Cash-handling and reconciliation issues during peak hours,Synthetic/example scenario: A delivery merchant in Mathura-Vrindavan sees rising white/comfortable casual wear demand from young adults customers.,Offer a minimum-order free-delivery threshold and track hourly demand,0.82,"Synthetic example: Holi demand in Mathura-Vrindavan typically concentrates around 3-7 days before holi and holi day, with mixed cash and upi; customers use qr payments at neighbourhood merchants; white/comfortable casual wear is relevant to the selected merchant segment."
Holi,Festival of Colors; Dhulandi; Dol Jatra,Major cultural festival,Spring / February-March,Usually 1-2 main days; dates vary annually,Pan-India; especially North and West India,Ahmedabad,"Celebration of spring, social bonding, color play and renewal",Holika Dahan; color play; family gatherings; festive meals,Peak-hour walk-ins and quick digital orders increase,High,3-7 days before Holi and Holi day,grocery: gujiya ingredients and snacks,event catering,sweet shop,tourists/travellers,UPI dominates quick purchases; cards used for higher-value orders,Loyalty points or wallet cashback on repeat purchases,Free add-on for orders paid digitally,Geo-target Ahmedabad customers with festival-specific messaging for gujiya ingredients and snacks; start before the peak window.,Prioritize gujiya ingredients and snacks; maintain safety stock and faster replenishment during peak days.,Add packing and delivery staff for peak order windows,Coordinate supplier replenishment before peak days,Cash-handling and reconciliation issues during peak hours,Synthetic/example scenario: A sweet shop in Ahmedabad sees rising gujiya ingredients and snacks demand from tourists/travellers customers.,Use targeted local messaging in Ahmedabad and promote gujiya ingredients and snacks 5-7 days early,0.93,"Synthetic example: Holi demand in Ahmedabad typically concentrates around 3-7 days before holi and holi day, with digital payments increase during peak hours; contactless/card usage for premium purchases; gujiya ingredients and snacks is relevant to the selected merchant segment."
Holi,Festival of Colors; Dhulandi; Dol Jatra,Major cultural festival,Spring / February-March,Usually 1-2 main days; dates vary annually,Pan-India; especially North and West India,Chandigarh,"Celebration of spring, social bonding, color play and renewal",Holika Dahan; color play; family gatherings; festive meals,Customers compare prices and respond to bundles,High,3-7 days before Holi and Holi day,grocery: gujiya ingredients and snacks,event catering,travel operator,budget-conscious shoppers,High UPI usage for small and medium tickets; cash remains relevant for local purchases,Festival bundle discount with minimum order value,Free add-on for orders paid digitally,Geo-target Chandigarh customers with festival-specific messaging for gujiya ingredients and snacks; start before the peak window.,Prioritize gujiya ingredients and snacks; maintain safety stock and faster replenishment during peak days.,Add packing and delivery staff for peak order windows,Coordinate supplier replenishment before peak days,Price competition and promotion margin pressure,Synthetic/example scenario: A travel operator in Chandigarh sees rising gujiya ingredients and snacks demand from budget-conscious shoppers customers.,Add temporary staff for peak hours and pre-book delivery capacity,0.94,"Synthetic example: Holi demand in Chandigarh typically concentrates around 3-7 days before holi and holi day, with high upi usage for small and medium tickets; cash remains relevant for local purchases; gujiya ingredients and snacks is relevant to the selected merchant segment."
Holi,Festival of Colors; Dhulandi; Dol Jatra,Major cultural festival,Spring / February-March,Usually 1-2 main days; dates vary annually,Pan-India; especially North and West India,Chandigarh,"Celebration of spring, social bonding, color play and renewal",Holika Dahan; color play; family gatherings; festive meals,Customers compare prices and respond to bundles,High,3-7 days before Holi and Holi day,grocery: gujiya ingredients and snacks,laundry/cleaning,grocery store,young adults,Digital payments increase during peak hours; contactless/card usage for premium purchases,Buy-more-save-more on festive essentials,Free add-on for orders paid digitally,Geo-target Chandigarh customers with festival-specific messaging for gujiya ingredients and snacks; start before the peak window.,Prioritize gujiya ingredients and snacks; maintain safety stock and faster replenishment during peak days.,Add packing and delivery staff for peak order windows,Increase last-mile capacity and packing material,Stockouts on fast-moving SKUs and late replenishment,Synthetic/example scenario: A grocery store in Chandigarh sees rising gujiya ingredients and snacks demand from young adults customers.,Add temporary staff for peak hours and pre-book delivery capacity,0.86,"Synthetic example: Holi demand in Chandigarh typically concentrates around 3-7 days before holi and holi day, with upi dominates quick purchases; cards used for higher-value orders; gujiya ingredients and snacks is relevant to the selected merchant segment."
Holi,Festival of Colors; Dhulandi; Dol Jatra,Major cultural festival,Spring / February-March,Usually 1-2 main days; dates vary annually,Pan-India; especially North and West India,Mathura-Vrindavan,"Celebration of spring, social bonding, color play and renewal",Holika Dahan; color play; family gatherings; festive meals,Peak-hour walk-ins and quick digital orders increase,Very High,3-7 days before Holi and Holi day,"restaurants: thandai, snacks and festive meals",travel booking,home-services provider,migrant households,UPI dominates quick purchases; cards used for higher-value orders,5-10% category discount during peak week,UPI cashback or merchant-funded QR incentive,"Geo-target Mathura-Vrindavan customers with festival-specific messaging for thandai, snacks and festive meals; start before the peak window.","Prioritize thandai, snacks and festive meals; maintain safety stock and faster replenishment during peak days.",Add 1-2 sales/counter staff during peak hours,Increase last-mile capacity and packing material,Stockouts on fast-moving SKUs and late replenishment,"Synthetic/example scenario: A home-services provider in Mathura-Vrindavan sees rising thandai, snacks and festive meals demand from migrant households customers.","Create a festival bundle around thandai, snacks and festive meals with a digital-payment incentive",0.97,"Synthetic example: Holi demand in Mathura-Vrindavan typically concentrates around 3-7 days before holi and holi day, with mixed cash and upi; customers use qr payments at neighbourhood merchants; thandai, snacks and festive meals is relevant to the selected merchant segment."
Holi,Festival of Colors; Dhulandi; Dol Jatra,Major cultural festival,Spring / February-March,Usually 1-2 main days; dates vary annually,Pan-India; especially North and West India,Ahmedabad,"Celebration of spring, social bonding, color play and renewal",Holika Dahan; color play; family gatherings; festive meals,Advance purchases rise before the main ritual day,High,3-7 days before Holi and Holi day,"restaurants: thandai, snacks and festive meals",digital payments,home-services provider,office-goers,UPI dominates quick purchases; cards used for higher-value orders,Buy-more-save-more on festive essentials,Small instant discount for digital payment,"Geo-target Ahmedabad customers with festival-specific messaging for thandai, snacks and festive meals; start before the peak window.","Prioritize thandai, snacks and festive meals; maintain safety stock and faster replenishment during peak days.","Cross-train staff for billing, packing and customer support",Pre-book local delivery slots and optimize routes,Price competition and promotion margin pressure,"Synthetic/example scenario: A home-services provider in Ahmedabad sees rising thandai, snacks and festive meals demand from office-goers customers.","Create a festival bundle around thandai, snacks and festive meals with a digital-payment incentive",0.83,"Synthetic example: Holi demand in Ahmedabad typically concentrates around 3-7 days before holi and holi day, with digital payments increase during peak hours; contactless/card usage for premium purchases; thandai, snacks and festive meals is relevant to the selected merchant segment."
Holi,Festival of Colors; Dhulandi; Dol Jatra,Major cultural festival,Spring / February-March,Usually 1-2 main days; dates vary annually,Pan-India; especially North and West India,Ahmedabad,"Celebration of spring, social bonding, color play and renewal",Holika Dahan; color play; family gatherings; festive meals,Bulk buying and family-oriented shopping increases,High,Early planning window; 10-15 days before festival,grocery: gujiya ingredients and snacks,food delivery,jewellery store,families,Digital payments increase during peak hours; contactless/card usage for premium purchases,Loyalty points or wallet cashback on repeat purchases,UPI cashback or merchant-funded QR incentive,Geo-target Ahmedabad customers with festival-specific messaging for gujiya ingredients and snacks; start before the peak window.,Prioritize gujiya ingredients and snacks; maintain safety stock and faster replenishment during peak days.,Add 1-2 sales/counter staff during peak hours,Coordinate supplier replenishment before peak days,Demand spikes causing queueing and delivery delays,Synthetic/example scenario: A jewellery store in Ahmedabad sees rising gujiya ingredients and snacks demand from families customers.,Increase gujiya ingredients and snacks inventory by 20-35% and set a daily reorder threshold,0.8,"Synthetic example: Holi demand in Ahmedabad typically concentrates around early planning window; 10-15 days before festival, with high upi usage for small and medium tickets; cash remains relevant for local purchases; gujiya ingredients and snacks is relevant to the selected merchant segment."
Holi,Festival of Colors; Dhulandi; Dol Jatra,Major cultural festival,Spring / February-March,Usually 1-2 main days; dates vary annually,Pan-India; especially North and West India,Jaipur,"Celebration of spring, social bonding, color play and renewal",Holika Dahan; color play; family gatherings; festive meals,Advance purchases rise before the main ritual day,High,3-7 days before Holi and Holi day,grocery: gujiya ingredients and snacks,digital payments,travel operator,premium shoppers,UPI dominates quick purchases; cards used for higher-value orders,Loyalty points or wallet cashback on repeat purchases,Higher loyalty points for UPI transactions,Geo-target Jaipur customers with festival-specific messaging for gujiya ingredients and snacks; start before the peak window.,Prioritize gujiya ingredients and snacks; maintain safety stock and faster replenishment during peak days.,"Cross-train staff for billing, packing and customer support",Coordinate supplier replenishment before peak days,Demand spikes causing queueing and delivery delays,Synthetic/example scenario: A travel operator in Jaipur sees rising gujiya ingredients and snacks demand from premium shoppers customers.,Increase gujiya ingredients and snacks inventory by 20-35% and set a daily reorder threshold,0.81,"Synthetic example: Holi demand in Jaipur typically concentrates around 3-7 days before holi and holi day, with upi dominates quick purchases; cards used for higher-value orders; gujiya ingredients and snacks is relevant to the selected merchant segment."
Holi,Festival of Colors; Dhulandi; Dol Jatra,Major cultural festival,Spring / February-March,Usually 1-2 main days; dates vary annually,Pan-India; especially North and West India,Lucknow,"Celebration of spring, social bonding, color play and renewal",Holika Dahan; color play; family gatherings; festive meals,Advance purchases rise before the main ritual day,High,3-7 days before Holi and Holi day,events: party/event supplies,food delivery,sweet shop,budget-conscious shoppers,High UPI usage for small and medium tickets; cash remains relevant for local purchases,Loyalty points or wallet cashback on repeat purchases,Small instant discount for digital payment,Geo-target Lucknow customers with festival-specific messaging for party/event supplies; start before the peak window.,Prioritize party/event supplies; maintain safety stock and faster replenishment during peak days.,"Cross-train staff for billing, packing and customer support",Coordinate supplier replenishment before peak days,Cash-handling and reconciliation issues during peak hours,Synthetic/example scenario: A sweet shop in Lucknow sees rising party/event supplies demand from budget-conscious shoppers customers.,Create a festival bundle around party/event supplies with a digital-payment incentive,0.86,"Synthetic example: Holi demand in Lucknow typically concentrates around 3-7 days before holi and holi day, with mixed cash and upi; customers use qr payments at neighbourhood merchants; party/event supplies is relevant to the selected merchant segment."
Holi,Festival of Colors; Dhulandi; Dol Jatra,Major cultural festival,Spring / February-March,Usually 1-2 main days; dates vary annually,Pan-India; especially North and West India,Chandigarh,"Celebration of spring, social bonding, color play and renewal",Holika Dahan; color play; family gatherings; festive meals,Peak-hour walk-ins and quick digital orders increase,High,3-7 days before Holi and Holi day,"restaurants: thandai, snacks and festive meals",travel booking,travel operator,families,Digital payments increase during peak hours; contactless/card usage for premium purchases,5-10% category discount during peak week,Higher loyalty points for UPI transactions,"Geo-target Chandigarh customers with festival-specific messaging for thandai, snacks and festive meals; start before the peak window.","Prioritize thandai, snacks and festive meals; maintain safety stock and faster replenishment during peak days.",Add packing and delivery staff for peak order windows,Pre-book local delivery slots and optimize routes,Price competition and promotion margin pressure,"Synthetic/example scenario: A travel operator in Chandigarh sees rising thandai, snacks and festive meals demand from families customers.",Offer a minimum-order free-delivery threshold and track hourly demand,0.84,"Synthetic example: Holi demand in Chandigarh typically concentrates around 3-7 days before holi and holi day, with digital payments increase during peak hours; contactless/card usage for premium purchases; thandai, snacks and festive meals is relevant to the selected merchant segment."
Holi,Festival of Colors; Dhulandi; Dol Jatra,Major cultural festival,Spring / February-March,Usually 1-2 main days; dates vary annually,Pan-India; especially North and West India,Jaipur,"Celebration of spring, social bonding, color play and renewal",Holika Dahan; color play; family gatherings; festive meals,Gift-oriented and convenience-driven purchases increase,High,3-7 days before Holi and Holi day,travel: short-distance leisure travel,travel booking,sweet shop,premium shoppers,Digital payments increase during peak hours; contactless/card usage for premium purchases,Free delivery above a threshold,Small instant discount for digital payment,Geo-target Jaipur customers with festival-specific messaging for short-distance leisure travel; start before the peak window.,Prioritize short-distance leisure travel; maintain safety stock and faster replenishment during peak days.,Add packing and delivery staff for peak order windows,Pre-book local delivery slots and optimize routes,Demand spikes causing queueing and delivery delays,Synthetic/example scenario: A sweet shop in Jaipur sees rising short-distance leisure travel demand from premium shoppers customers.,Use targeted local messaging in Jaipur and promote short-distance leisure travel 5-7 days early,0.95,"Synthetic example: Holi demand in Jaipur typically concentrates around 3-7 days before holi and holi day, with high upi usage for small and medium tickets; cash remains relevant for local purchases; short-distance leisure travel is relevant to the selected merchant segment."
Holi,Festival of Colors; Dhulandi; Dol Jatra,Major cultural festival,Spring / February-March,Usually 1-2 main days; dates vary annually,Pan-India; especially North and West India,Delhi,"Celebration of spring, social bonding, color play and renewal",Holika Dahan; color play; family gatherings; festive meals,Customers compare prices and respond to bundles,High,3-7 days before Holi and Holi day,fashion: white/comfortable casual wear,laundry/cleaning,electronics retailer,young adults,High UPI usage for small and medium tickets; cash remains relevant for local purchases,Buy-more-save-more on festive essentials,Free add-on for orders paid digitally,Geo-target Delhi customers with festival-specific messaging for white/comfortable casual wear; start before the peak window.,Prioritize white/comfortable casual wear; maintain safety stock and faster replenishment during peak days.,"Cross-train staff for billing, packing and customer support",Coordinate supplier replenishment before peak days,Unsold seasonal inventory after the festival,Synthetic/example scenario: A electronics retailer in Delhi sees rising white/comfortable casual wear demand from young adults customers.,Increase white/comfortable casual wear inventory by 20-35% and set a daily reorder threshold,0.88,"Synthetic example: Holi demand in Delhi typically concentrates around 3-7 days before holi and holi day, with upi dominates quick purchases; cards used for higher-value orders; white/comfortable casual wear is relevant to the selected merchant segment."
Holi,Festival of Colors; Dhulandi; Dol Jatra,Major cultural festival,Spring / February-March,Usually 1-2 main days; dates vary annually,Pan-India; especially North and West India,Mathura-Vrindavan,"Celebration of spring, social bonding, color play and renewal",Holika Dahan; color play; family gatherings; festive meals,Advance purchases rise before the main ritual day,High,3-7 days before Holi and Holi day,travel: short-distance leisure travel,digital payments,neighbourhood retailer,premium shoppers,Mixed cash and UPI; customers use QR payments at neighbourhood merchants,Festival bundle discount with minimum order value,Small instant discount for digital payment,Geo-target Mathura-Vrindavan customers with festival-specific messaging for short-distance leisure travel; start before the peak window.,Prioritize short-distance leisure travel; maintain safety stock and faster replenishment during peak days.,Add 1-2 sales/counter staff during peak hours,Coordinate supplier replenishment before peak days,Cash-handling and reconciliation issues during peak hours,Synthetic/example scenario: A neighbourhood retailer in Mathura-Vrindavan sees rising short-distance leisure travel demand from premium shoppers customers.,Create a festival bundle around short-distance leisure travel with a digital-payment incentive,0.87,"Synthetic example: Holi demand in Mathura-Vrindavan typically concentrates around 3-7 days before holi and holi day, with mixed cash and upi; customers use qr payments at neighbourhood merchants; short-distance leisure travel is relevant to the selected merchant segment."
Holi,Festival of Colors; Dhulandi; Dol Jatra,Major cultural festival,Spring / February-March,Usually 1-2 main days; dates vary annually,Pan-India; especially North and West India,Ahmedabad,"Celebration of spring, social bonding, color play and renewal",Holika Dahan; color play; family gatherings; festive meals,Gift-oriented and convenience-driven purchases increase,High,3-7 days before Holi and Holi day,grocery: gujiya ingredients and snacks,digital payments,travel operator,premium shoppers,Mixed cash and UPI; customers use QR payments at neighbourhood merchants,Buy-more-save-more on festive essentials,Free add-on for orders paid digitally,Geo-target Ahmedabad customers with festival-specific messaging for gujiya ingredients and snacks; start before the peak window.,Prioritize gujiya ingredients and snacks; maintain safety stock and faster replenishment during peak days.,Add packing and delivery staff for peak order windows,Coordinate supplier replenishment before peak days,Demand spikes causing queueing and delivery delays,Synthetic/example scenario: A travel operator in Ahmedabad sees rising gujiya ingredients and snacks demand from premium shoppers customers.,Use targeted local messaging in Ahmedabad and promote gujiya ingredients and snacks 5-7 days early,0.95,"Synthetic example: Holi demand in Ahmedabad typically concentrates around 3-7 days before holi and holi day, with digital payments increase during peak hours; contactless/card usage for premium purchases; gujiya ingredients and snacks is relevant to the selected merchant segment."
Onam,Thiruvonam; Onam Festival,Major regional cultural festival,Monsoon / August-September,10-day traditional festival; dates vary annually,Kerala; Malayali communities across India,Kozhikode,"Harvest and cultural festival associated with King Mahabali, family reunions and prosperity",Pookalam; Onam sadya; Vallam Kali; traditional dress; temple visits,Peak-hour walk-ins and quick digital orders increase,Very High,Early planning window; 10-15 days before festival,sweets: payasam and festive food,travel booking,fashion retailer,budget-conscious shoppers,Mixed cash and UPI; customers use QR payments at neighbourhood merchants,5-10% category discount during peak week,Higher loyalty points for UPI transactions,Geo-target Kozhikode customers with festival-specific messaging for payasam and festive food; start before the peak window.,Prioritize payasam and festive food; maintain safety stock and faster replenishment during peak days.,Add packing and delivery staff for peak order windows,Increase last-mile capacity and packing material,Cash-handling and reconciliation issues during peak hours,Synthetic/example scenario: A fashion retailer in Kozhikode sees rising payasam and festive food demand from budget-conscious shoppers customers.,Use targeted local messaging in Kozhikode and promote payasam and festive food 5-7 days early,0.87,"Synthetic example: Onam demand in Kozhikode typically concentrates around early planning window; 10-15 days before festival, with high upi usage for small and medium tickets; cash remains relevant for local purchases; payasam and festive food is relevant to the selected merchant segment."
Onam,Thiruvonam; Onam Festival,Major regional cultural festival,Monsoon / August-September,10-day traditional festival; dates vary annually,Kerala; Malayali communities across India,Bengaluru,"Harvest and cultural festival associated with King Mahabali, family reunions and prosperity",Pookalam; Onam sadya; Vallam Kali; traditional dress; temple visits,Gift-oriented and convenience-driven purchases increase,High,7-10 days before Thiruvonam through the main day,"grocery: rice, coconut, vegetables and sadya ingredients",food catering,sweet shop,migrant households,Digital payments increase during peak hours; contactless/card usage for premium purchases,Buy-more-save-more on festive essentials,Small instant discount for digital payment,"Geo-target Bengaluru customers with festival-specific messaging for rice, coconut, vegetables and sadya ingredients; start before the peak window.","Prioritize rice, coconut, vegetables and sadya ingredients; maintain safety stock and faster replenishment during peak days.",Add 1-2 sales/counter staff during peak hours,Increase last-mile capacity and packing material,Unsold seasonal inventory after the festival,"Synthetic/example scenario: A sweet shop in Bengaluru sees rising rice, coconut, vegetables and sadya ingredients demand from migrant households customers.",Offer a minimum-order free-delivery threshold and track hourly demand,0.96,"Synthetic example: Onam demand in Bengaluru typically concentrates around 7-10 days before thiruvonam through the main day, with upi dominates quick purchases; cards used for higher-value orders; rice, coconut, vegetables and sadya ingredients is relevant to the selected merchant segment."
Onam,Thiruvonam; Onam Festival,Major regional cultural festival,Monsoon / August-September,10-day traditional festival; dates vary annually,Kerala; Malayali communities across India,Thrissur,"Harvest and cultural festival associated with King Mahabali, family reunions and prosperity",Pookalam; Onam sadya; Vallam Kali; traditional dress; temple visits,Peak-hour walk-ins and quick digital orders increase,High,7-10 days before Thiruvonam through the main day,fashion: kasavu sarees and traditional wear,event services,delivery merchant,premium shoppers,Digital payments increase during peak hours; contactless/card usage for premium purchases,Free delivery above a threshold,Small instant discount for digital payment,Geo-target Thrissur customers with festival-specific messaging for kasavu sarees and traditional wear; start before the peak window.,Prioritize kasavu sarees and traditional wear; maintain safety stock and faster replenishment during peak days.,"Cross-train staff for billing, packing and customer support",Increase last-mile capacity and packing material,Cash-handling and reconciliation issues during peak hours,Synthetic/example scenario: A delivery merchant in Thrissur sees rising kasavu sarees and traditional wear demand from premium shoppers customers.,Add temporary staff for peak hours and pre-book delivery capacity,0.83,"Synthetic example: Onam demand in Thrissur typically concentrates around 7-10 days before thiruvonam through the main day, with mixed cash and upi; customers use qr payments at neighbourhood merchants; kasavu sarees and traditional wear is relevant to the selected merchant segment."
Onam,Thiruvonam; Onam Festival,Major regional cultural festival,Monsoon / August-September,10-day traditional festival; dates vary annually,Kerala; Malayali communities across India,Thiruvananthapuram,"Harvest and cultural festival associated with King Mahabali, family reunions and prosperity",Pookalam; Onam sadya; Vallam Kali; traditional dress; temple visits,Bulk buying and family-oriented shopping increases,High,7-10 days before Thiruvonam through the main day,fashion: kasavu sarees and traditional wear,home delivery,home-services provider,tourists/travellers,High UPI usage for small and medium tickets; cash remains relevant for local purchases,Festival bundle discount with minimum order value,Free add-on for orders paid digitally,Geo-target Thiruvananthapuram customers with festival-specific messaging for kasavu sarees and traditional wear; start before the peak window.,Prioritize kasavu sarees and traditional wear; maintain safety stock and faster replenishment during peak days.,Add 1-2 sales/counter staff during peak hours,Coordinate supplier replenishment before peak days,Cash-handling and reconciliation issues during peak hours,Synthetic/example scenario: A home-services provider in Thiruvananthapuram sees rising kasavu sarees and traditional wear demand from tourists/travellers customers.,Increase kasavu sarees and traditional wear inventory by 20-35% and set a daily reorder threshold,0.88,"Synthetic example: Onam demand in Thiruvananthapuram typically concentrates around 7-10 days before thiruvonam through the main day, with digital payments increase during peak hours; contactless/card usage for premium purchases; kasavu sarees and traditional wear is relevant to the selected merchant segment."
Onam,Thiruvonam; Onam Festival,Major regional cultural festival,Monsoon / August-September,10-day traditional festival; dates vary annually,Kerala; Malayali communities across India,Kochi,"Harvest and cultural festival associated with King Mahabali, family reunions and prosperity",Pookalam; Onam sadya; Vallam Kali; traditional dress; temple visits,Gift-oriented and convenience-driven purchases increase,High,7-10 days before Thiruvonam through the main day,fashion: kasavu sarees and traditional wear,home delivery,restaurant,families,Digital payments increase during peak hours; contactless/card usage for premium purchases,Free delivery above a threshold,UPI cashback or merchant-funded QR incentive,Geo-target Kochi customers with festival-specific messaging for kasavu sarees and traditional wear; start before the peak window.,Prioritize kasavu sarees and traditional wear; maintain safety stock and faster replenishment during peak days.,Add 1-2 sales/counter staff during peak hours,Coordinate supplier replenishment before peak days,Cash-handling and reconciliation issues during peak hours,Synthetic/example scenario: A restaurant in Kochi sees rising kasavu sarees and traditional wear demand from families customers.,Use targeted local messaging in Kochi and promote kasavu sarees and traditional wear 5-7 days early,0.85,"Synthetic example: Onam demand in Kochi typically concentrates around 7-10 days before thiruvonam through the main day, with high upi usage for small and medium tickets; cash remains relevant for local purchases; kasavu sarees and traditional wear is relevant to the selected merchant segment."
Onam,Thiruvonam; Onam Festival,Major regional cultural festival,Monsoon / August-September,10-day traditional festival; dates vary annually,Kerala; Malayali communities across India,Thrissur,"Harvest and cultural festival associated with King Mahabali, family reunions and prosperity",Pookalam; Onam sadya; Vallam Kali; traditional dress; temple visits,Bulk buying and family-oriented shopping increases,High,7-10 days before Thiruvonam through the main day,jewellery: gold jewellery,digital payments,grocery store,families,Digital payments increase during peak hours; contactless/card usage for premium purchases,5-10% category discount during peak week,UPI cashback or merchant-funded QR incentive,Geo-target Thrissur customers with festival-specific messaging for gold jewellery; start before the peak window.,Prioritize gold jewellery; maintain safety stock and faster replenishment during peak days.,Add 1-2 sales/counter staff during peak hours,Coordinate supplier replenishment before peak days,Unsold seasonal inventory after the festival,Synthetic/example scenario: A grocery store in Thrissur sees rising gold jewellery demand from families customers.,Offer a minimum-order free-delivery threshold and track hourly demand,0.97,"Synthetic example: Onam demand in Thrissur typically concentrates around 7-10 days before thiruvonam through the main day, with upi dominates quick purchases; cards used for higher-value orders; gold jewellery is relevant to the selected merchant segment."
Onam,Thiruvonam; Onam Festival,Major regional cultural festival,Monsoon / August-September,10-day traditional festival; dates vary annually,Kerala; Malayali communities across India,Thiruvananthapuram,"Harvest and cultural festival associated with King Mahabali, family reunions and prosperity",Pookalam; Onam sadya; Vallam Kali; traditional dress; temple visits,Peak-hour walk-ins and quick digital orders increase,High,7-10 days before Thiruvonam through the main day,fashion: kasavu sarees and traditional wear,travel booking,sweet shop,budget-conscious shoppers,Digital payments increase during peak hours; contactless/card usage for premium purchases,Loyalty points or wallet cashback on repeat purchases,Small instant discount for digital payment,Geo-target Thiruvananthapuram customers with festival-specific messaging for kasavu sarees and traditional wear; start before the peak window.,Prioritize kasavu sarees and traditional wear; maintain safety stock and faster replenishment during peak days.,"Cross-train staff for billing, packing and customer support",Pre-book local delivery slots and optimize routes,Unsold seasonal inventory after the festival,Synthetic/example scenario: A sweet shop in Thiruvananthapuram sees rising kasavu sarees and traditional wear demand from budget-conscious shoppers customers.,Use targeted local messaging in Thiruvananthapuram and promote kasavu sarees and traditional wear 5-7 days early,0.8,"Synthetic example: Onam demand in Thiruvananthapuram typically concentrates around 7-10 days before thiruvonam through the main day, with mixed cash and upi; customers use qr payments at neighbourhood merchants; kasavu sarees and traditional wear is relevant to the selected merchant segment."
Onam,Thiruvonam; Onam Festival,Major regional cultural festival,Monsoon / August-September,10-day traditional festival; dates vary annually,Kerala; Malayali communities across India,Chennai,"Harvest and cultural festival associated with King Mahabali, family reunions and prosperity",Pookalam; Onam sadya; Vallam Kali; traditional dress; temple visits,Peak-hour walk-ins and quick digital orders increase,High,7-10 days before Thiruvonam through the main day,home: decor and kitchenware,food catering,neighbourhood retailer,families,High UPI usage for small and medium tickets; cash remains relevant for local purchases,Festival bundle discount with minimum order value,Small instant discount for digital payment,Geo-target Chennai customers with festival-specific messaging for decor and kitchenware; start before the peak window.,Prioritize decor and kitchenware; maintain safety stock and faster replenishment during peak days.,Add 1-2 sales/counter staff during peak hours,Increase last-mile capacity and packing material,Price competition and promotion margin pressure,Synthetic/example scenario: A neighbourhood retailer in Chennai sees rising decor and kitchenware demand from families customers.,Use targeted local messaging in Chennai and promote decor and kitchenware 5-7 days early,0.85,"Synthetic example: Onam demand in Chennai typically concentrates around 7-10 days before thiruvonam through the main day, with digital payments increase during peak hours; contactless/card usage for premium purchases; decor and kitchenware is relevant to the selected merchant segment."
Onam,Thiruvonam; Onam Festival,Major regional cultural festival,Monsoon / August-September,10-day traditional festival; dates vary annually,Kerala; Malayali communities across India,Chennai,"Harvest and cultural festival associated with King Mahabali, family reunions and prosperity",Pookalam; Onam sadya; Vallam Kali; traditional dress; temple visits,Gift-oriented and convenience-driven purchases increase,High,7-10 days before Thiruvonam through the main day,electronics: home appliances,digital payments,electronics retailer,young adults,Digital payments increase during peak hours; contactless/card usage for premium purchases,Buy-more-save-more on festive essentials,UPI cashback or merchant-funded QR incentive,Geo-target Chennai customers with festival-specific messaging for home appliances; start before the peak window.,Prioritize home appliances; maintain safety stock and faster replenishment during peak days.,Add 1-2 sales/counter staff during peak hours,Coordinate supplier replenishment before peak days,Stockouts on fast-moving SKUs and late replenishment,Synthetic/example scenario: A electronics retailer in Chennai sees rising home appliances demand from young adults customers.,Create a festival bundle around home appliances with a digital-payment incentive,0.82,"Synthetic example: Onam demand in Chennai typically concentrates around 7-10 days before thiruvonam through the main day, with high upi usage for small and medium tickets; cash remains relevant for local purchases; home appliances is relevant to the selected merchant segment."
Onam,Thiruvonam; Onam Festival,Major regional cultural festival,Monsoon / August-September,10-day traditional festival; dates vary annually,Kerala; Malayali communities across India,Bengaluru,"Harvest and cultural festival associated with King Mahabali, family reunions and prosperity",Pookalam; Onam sadya; Vallam Kali; traditional dress; temple visits,Gift-oriented and convenience-driven purchases increase,High,7-10 days before Thiruvonam through the main day,home: decor and kitchenware,home delivery,delivery merchant,families,UPI dominates quick purchases; cards used for higher-value orders,Free delivery above a threshold,UPI cashback or merchant-funded QR incentive,Geo-target Bengaluru customers with festival-specific messaging for decor and kitchenware; start before the peak window.,Prioritize decor and kitchenware; maintain safety stock and faster replenishment during peak days.,Add packing and delivery staff for peak order windows,Pre-book local delivery slots and optimize routes,Unsold seasonal inventory after the festival,Synthetic/example scenario: A delivery merchant in Bengaluru sees rising decor and kitchenware demand from families customers.,Increase decor and kitchenware inventory by 20-35% and set a daily reorder threshold,0.96,"Synthetic example: Onam demand in Bengaluru typically concentrates around 7-10 days before thiruvonam through the main day, with upi dominates quick purchases; cards used for higher-value orders; decor and kitchenware is relevant to the selected merchant segment."
Onam,Thiruvonam; Onam Festival,Major regional cultural festival,Monsoon / August-September,10-day traditional festival; dates vary annually,Kerala; Malayali communities across India,Thiruvananthapuram,"Harvest and cultural festival associated with King Mahabali, family reunions and prosperity",Pookalam; Onam sadya; Vallam Kali; traditional dress; temple visits,Customers compare prices and respond to bundles,Very High,7-10 days before Thiruvonam through the main day,jewellery: gold jewellery,digital payments,delivery merchant,office-goers,High UPI usage for small and medium tickets; cash remains relevant for local purchases,Loyalty points or wallet cashback on repeat purchases,Higher loyalty points for UPI transactions,Geo-target Thiruvananthapuram customers with festival-specific messaging for gold jewellery; start before the peak window.,Prioritize gold jewellery; maintain safety stock and faster replenishment during peak days.,Add 1-2 sales/counter staff during peak hours,Pre-book local delivery slots and optimize routes,Unsold seasonal inventory after the festival,Synthetic/example scenario: A delivery merchant in Thiruvananthapuram sees rising gold jewellery demand from office-goers customers.,Use targeted local messaging in Thiruvananthapuram and promote gold jewellery 5-7 days early,0.92,"Synthetic example: Onam demand in Thiruvananthapuram typically concentrates around 7-10 days before thiruvonam through the main day, with mixed cash and upi; customers use qr payments at neighbourhood merchants; gold jewellery is relevant to the selected merchant segment."
Onam,Thiruvonam; Onam Festival,Major regional cultural festival,Monsoon / August-September,10-day traditional festival; dates vary annually,Kerala; Malayali communities across India,Thiruvananthapuram,"Harvest and cultural festival associated with King Mahabali, family reunions and prosperity",Pookalam; Onam sadya; Vallam Kali; traditional dress; temple visits,Advance purchases rise before the main ritual day,High,7-10 days before Thiruvonam through the main day,electronics: home appliances,digital payments,neighbourhood retailer,local communities,High UPI usage for small and medium tickets; cash remains relevant for local purchases,Buy-more-save-more on festive essentials,Free add-on for orders paid digitally,Geo-target Thiruvananthapuram customers with festival-specific messaging for home appliances; start before the peak window.,Prioritize home appliances; maintain safety stock and faster replenishment during peak days.,Add packing and delivery staff for peak order windows,Pre-book local delivery slots and optimize routes,Cash-handling and reconciliation issues during peak hours,Synthetic/example scenario: A neighbourhood retailer in Thiruvananthapuram sees rising home appliances demand from local communities customers.,Offer a minimum-order free-delivery threshold and track hourly demand,0.86,"Synthetic example: Onam demand in Thiruvananthapuram typically concentrates around 7-10 days before thiruvonam through the main day, with digital payments increase during peak hours; contactless/card usage for premium purchases; home appliances is relevant to the selected merchant segment."
Onam,Thiruvonam; Onam Festival,Major regional cultural festival,Monsoon / August-September,10-day traditional festival; dates vary annually,Kerala; Malayali communities across India,Bengaluru,"Harvest and cultural festival associated with King Mahabali, family reunions and prosperity",Pookalam; Onam sadya; Vallam Kali; traditional dress; temple visits,Gift-oriented and convenience-driven purchases increase,High,7-10 days before Thiruvonam through the main day,home: decor and kitchenware,home delivery,jewellery store,office-goers,Mixed cash and UPI; customers use QR payments at neighbourhood merchants,5-10% category discount during peak week,UPI cashback or merchant-funded QR incentive,Geo-target Bengaluru customers with festival-specific messaging for decor and kitchenware; start before the peak window.,Prioritize decor and kitchenware; maintain safety stock and faster replenishment during peak days.,Add 1-2 sales/counter staff during peak hours,Increase last-mile capacity and packing material,Cash-handling and reconciliation issues during peak hours,Synthetic/example scenario: A jewellery store in Bengaluru sees rising decor and kitchenware demand from office-goers customers.,Use targeted local messaging in Bengaluru and promote decor and kitchenware 5-7 days early,0.8,"Synthetic example: Onam demand in Bengaluru typically concentrates around 7-10 days before thiruvonam through the main day, with high upi usage for small and medium tickets; cash remains relevant for local purchases; decor and kitchenware is relevant to the selected merchant segment."
Onam,Thiruvonam; Onam Festival,Major regional cultural festival,Monsoon / August-September,10-day traditional festival; dates vary annually,Kerala; Malayali communities across India,Thrissur,"Harvest and cultural festival associated with King Mahabali, family reunions and prosperity",Pookalam; Onam sadya; Vallam Kali; traditional dress; temple visits,Advance purchases rise before the main ritual day,High,Early planning window; 10-15 days before festival,fashion: kasavu sarees and traditional wear,travel booking,restaurant,office-goers,Digital payments increase during peak hours; contactless/card usage for premium purchases,Buy-more-save-more on festive essentials,Higher loyalty points for UPI transactions,Geo-target Thrissur customers with festival-specific messaging for kasavu sarees and traditional wear; start before the peak window.,Prioritize kasavu sarees and traditional wear; maintain safety stock and faster replenishment during peak days.,Add 1-2 sales/counter staff during peak hours,Pre-book local delivery slots and optimize routes,Unsold seasonal inventory after the festival,Synthetic/example scenario: A restaurant in Thrissur sees rising kasavu sarees and traditional wear demand from office-goers customers.,Increase kasavu sarees and traditional wear inventory by 20-35% and set a daily reorder threshold,0.8,"Synthetic example: Onam demand in Thrissur typically concentrates around early planning window; 10-15 days before festival, with upi dominates quick purchases; cards used for higher-value orders; kasavu sarees and traditional wear is relevant to the selected merchant segment."
Onam,Thiruvonam; Onam Festival,Major regional cultural festival,Monsoon / August-September,10-day traditional festival; dates vary annually,Kerala; Malayali communities across India,Thiruvananthapuram,"Harvest and cultural festival associated with King Mahabali, family reunions and prosperity",Pookalam; Onam sadya; Vallam Kali; traditional dress; temple visits,Bulk buying and family-oriented shopping increases,High,7-10 days before Thiruvonam through the main day,"grocery: rice, coconut, vegetables and sadya ingredients",digital payments,jewellery store,tourists/travellers,High UPI usage for small and medium tickets; cash remains relevant for local purchases,Buy-more-save-more on festive essentials,UPI cashback or merchant-funded QR incentive,"Geo-target Thiruvananthapuram customers with festival-specific messaging for rice, coconut, vegetables and sadya ingredients; start before the peak window.","Prioritize rice, coconut, vegetables and sadya ingredients; maintain safety stock and faster replenishment during peak days.","Cross-train staff for billing, packing and customer support",Coordinate supplier replenishment before peak days,Cash-handling and reconciliation issues during peak hours,"Synthetic/example scenario: A jewellery store in Thiruvananthapuram sees rising rice, coconut, vegetables and sadya ingredients demand from tourists/travellers customers.",Offer a minimum-order free-delivery threshold and track hourly demand,0.86,"Synthetic example: Onam demand in Thiruvananthapuram typically concentrates around 7-10 days before thiruvonam through the main day, with mixed cash and upi; customers use qr payments at neighbourhood merchants; rice, coconut, vegetables and sadya ingredients is relevant to the selected merchant segment."
Onam,Thiruvonam; Onam Festival,Major regional cultural festival,Monsoon / August-September,10-day traditional festival; dates vary annually,Kerala; Malayali communities across India,Thrissur,"Harvest and cultural festival associated with King Mahabali, family reunions and prosperity",Pookalam; Onam sadya; Vallam Kali; traditional dress; temple visits,Gift-oriented and convenience-driven purchases increase,High,7-10 days before Thiruvonam through the main day,home: decor and kitchenware,event services,grocery store,budget-conscious shoppers,UPI dominates quick purchases; cards used for higher-value orders,Loyalty points or wallet cashback on repeat purchases,Small instant discount for digital payment,Geo-target Thrissur customers with festival-specific messaging for decor and kitchenware; start before the peak window.,Prioritize decor and kitchenware; maintain safety stock and faster replenishment during peak days.,"Cross-train staff for billing, packing and customer support",Increase last-mile capacity and packing material,Price competition and promotion margin pressure,Synthetic/example scenario: A grocery store in Thrissur sees rising decor and kitchenware demand from budget-conscious shoppers customers.,Increase decor and kitchenware inventory by 20-35% and set a daily reorder threshold,0.92,"Synthetic example: Onam demand in Thrissur typically concentrates around 7-10 days before thiruvonam through the main day, with digital payments increase during peak hours; contactless/card usage for premium purchases; decor and kitchenware is relevant to the selected merchant segment."
Onam,Thiruvonam; Onam Festival,Major regional cultural festival,Monsoon / August-September,10-day traditional festival; dates vary annually,Kerala; Malayali communities across India,Thiruvananthapuram,"Harvest and cultural festival associated with King Mahabali, family reunions and prosperity",Pookalam; Onam sadya; Vallam Kali; traditional dress; temple visits,Peak-hour walk-ins and quick digital orders increase,High,7-10 days before Thiruvonam through the main day,fashion: kasavu sarees and traditional wear,travel booking,fashion retailer,budget-conscious shoppers,Mixed cash and UPI; customers use QR payments at neighbourhood merchants,Free delivery above a threshold,Higher loyalty points for UPI transactions,Geo-target Thiruvananthapuram customers with festival-specific messaging for kasavu sarees and traditional wear; start before the peak window.,Prioritize kasavu sarees and traditional wear; maintain safety stock and faster replenishment during peak days.,Add packing and delivery staff for peak order windows,Pre-book local delivery slots and optimize routes,Price competition and promotion margin pressure,Synthetic/example scenario: A fashion retailer in Thiruvananthapuram sees rising kasavu sarees and traditional wear demand from budget-conscious shoppers customers.,Create a festival bundle around kasavu sarees and traditional wear with a digital-payment incentive,0.79,"Synthetic example: Onam demand in Thiruvananthapuram typically concentrates around 7-10 days before thiruvonam through the main day, with high upi usage for small and medium tickets; cash remains relevant for local purchases; kasavu sarees and traditional wear is relevant to the selected merchant segment."
Onam,Thiruvonam; Onam Festival,Major regional cultural festival,Monsoon / August-September,10-day traditional festival; dates vary annually,Kerala; Malayali communities across India,Kozhikode,"Harvest and cultural festival associated with King Mahabali, family reunions and prosperity",Pookalam; Onam sadya; Vallam Kali; traditional dress; temple visits,Customers compare prices and respond to bundles,High,7-10 days before Thiruvonam through the main day,home: decor and kitchenware,digital payments,sweet shop,tourists/travellers,Mixed cash and UPI; customers use QR payments at neighbourhood merchants,Festival bundle discount with minimum order value,Free add-on for orders paid digitally,Geo-target Kozhikode customers with festival-specific messaging for decor and kitchenware; start before the peak window.,Prioritize decor and kitchenware; maintain safety stock and faster replenishment during peak days.,Add packing and delivery staff for peak order windows,Coordinate supplier replenishment before peak days,Cash-handling and reconciliation issues during peak hours,Synthetic/example scenario: A sweet shop in Kozhikode sees rising decor and kitchenware demand from tourists/travellers customers.,Create a festival bundle around decor and kitchenware with a digital-payment incentive,0.87,"Synthetic example: Onam demand in Kozhikode typically concentrates around 7-10 days before thiruvonam through the main day, with upi dominates quick purchases; cards used for higher-value orders; decor and kitchenware is relevant to the selected merchant segment."
Onam,Thiruvonam; Onam Festival,Major regional cultural festival,Monsoon / August-September,10-day traditional festival; dates vary annually,Kerala; Malayali communities across India,Kozhikode,"Harvest and cultural festival associated with King Mahabali, family reunions and prosperity",Pookalam; Onam sadya; Vallam Kali; traditional dress; temple visits,Gift-oriented and convenience-driven purchases increase,High,7-10 days before Thiruvonam through the main day,electronics: home appliances,event services,travel operator,local communities,UPI dominates quick purchases; cards used for higher-value orders,Free delivery above a threshold,Higher loyalty points for UPI transactions,Geo-target Kozhikode customers with festival-specific messaging for home appliances; start before the peak window.,Prioritize home appliances; maintain safety stock and faster replenishment during peak days.,Add 1-2 sales/counter staff during peak hours,Increase last-mile capacity and packing material,Cash-handling and reconciliation issues during peak hours,Synthetic/example scenario: A travel operator in Kozhikode sees rising home appliances demand from local communities customers.,Create a festival bundle around home appliances with a digital-payment incentive,0.84,"Synthetic example: Onam demand in Kozhikode typically concentrates around 7-10 days before thiruvonam through the main day, with mixed cash and upi; customers use qr payments at neighbourhood merchants; home appliances is relevant to the selected merchant segment."
Onam,Thiruvonam; Onam Festival,Major regional cultural festival,Monsoon / August-September,10-day traditional festival; dates vary annually,Kerala; Malayali communities across India,Kozhikode,"Harvest and cultural festival associated with King Mahabali, family reunions and prosperity",Pookalam; Onam sadya; Vallam Kali; traditional dress; temple visits,Peak-hour walk-ins and quick digital orders increase,High,7-10 days before Thiruvonam through the main day,home: decor and kitchenware,travel booking,travel operator,premium shoppers,Mixed cash and UPI; customers use QR payments at neighbourhood merchants,Festival bundle discount with minimum order value,Small instant discount for digital payment,Geo-target Kozhikode customers with festival-specific messaging for decor and kitchenware; start before the peak window.,Prioritize decor and kitchenware; maintain safety stock and faster replenishment during peak days.,"Cross-train staff for billing, packing and customer support",Coordinate supplier replenishment before peak days,Price competition and promotion margin pressure,Synthetic/example scenario: A travel operator in Kozhikode sees rising decor and kitchenware demand from premium shoppers customers.,Add temporary staff for peak hours and pre-book delivery capacity,0.94,"Synthetic example: Onam demand in Kozhikode typically concentrates around 7-10 days before thiruvonam through the main day, with digital payments increase during peak hours; contactless/card usage for premium purchases; decor and kitchenware is relevant to the selected merchant segment."
Onam,Thiruvonam; Onam Festival,Major regional cultural festival,Monsoon / August-September,10-day traditional festival; dates vary annually,Kerala; Malayali communities across India,Chennai,"Harvest and cultural festival associated with King Mahabali, family reunions and prosperity",Pookalam; Onam sadya; Vallam Kali; traditional dress; temple visits,Bulk buying and family-oriented shopping increases,Very High,7-10 days before Thiruvonam through the main day,fashion: kasavu sarees and traditional wear,event services,home-services provider,families,Digital payments increase during peak hours; contactless/card usage for premium purchases,Free delivery above a threshold,Small instant discount for digital payment,Geo-target Chennai customers with festival-specific messaging for kasavu sarees and traditional wear; start before the peak window.,Prioritize kasavu sarees and traditional wear; maintain safety stock and faster replenishment during peak days.,"Cross-train staff for billing, packing and customer support",Increase last-mile capacity and packing material,Demand spikes causing queueing and delivery delays,Synthetic/example scenario: A home-services provider in Chennai sees rising kasavu sarees and traditional wear demand from families customers.,Use targeted local messaging in Chennai and promote kasavu sarees and traditional wear 5-7 days early,0.93,"Synthetic example: Onam demand in Chennai typically concentrates around 7-10 days before thiruvonam through the main day, with high upi usage for small and medium tickets; cash remains relevant for local purchases; kasavu sarees and traditional wear is relevant to the selected merchant segment."
Onam,Thiruvonam; Onam Festival,Major regional cultural festival,Monsoon / August-September,10-day traditional festival; dates vary annually,Kerala; Malayali communities across India,Kozhikode,"Harvest and cultural festival associated with King Mahabali, family reunions and prosperity",Pookalam; Onam sadya; Vallam Kali; traditional dress; temple visits,Peak-hour walk-ins and quick digital orders increase,High,7-10 days before Thiruvonam through the main day,fashion: kasavu sarees and traditional wear,event services,restaurant,office-goers,Digital payments increase during peak hours; contactless/card usage for premium purchases,Loyalty points or wallet cashback on repeat purchases,Free add-on for orders paid digitally,Geo-target Kozhikode customers with festival-specific messaging for kasavu sarees and traditional wear; start before the peak window.,Prioritize kasavu sarees and traditional wear; maintain safety stock and faster replenishment during peak days.,"Cross-train staff for billing, packing and customer support",Pre-book local delivery slots and optimize routes,Stockouts on fast-moving SKUs and late replenishment,Synthetic/example scenario: A restaurant in Kozhikode sees rising kasavu sarees and traditional wear demand from office-goers customers.,Use targeted local messaging in Kozhikode and promote kasavu sarees and traditional wear 5-7 days early,0.97,"Synthetic example: Onam demand in Kozhikode typically concentrates around 7-10 days before thiruvonam through the main day, with upi dominates quick purchases; cards used for higher-value orders; kasavu sarees and traditional wear is relevant to the selected merchant segment."
Onam,Thiruvonam; Onam Festival,Major regional cultural festival,Monsoon / August-September,10-day traditional festival; dates vary annually,Kerala; Malayali communities across India,Chennai,"Harvest and cultural festival associated with King Mahabali, family reunions and prosperity",Pookalam; Onam sadya; Vallam Kali; traditional dress; temple visits,Gift-oriented and convenience-driven purchases increase,High,7-10 days before Thiruvonam through the main day,home: decor and kitchenware,food catering,home-services provider,young adults,High UPI usage for small and medium tickets; cash remains relevant for local purchases,Loyalty points or wallet cashback on repeat purchases,Free add-on for orders paid digitally,Geo-target Chennai customers with festival-specific messaging for decor and kitchenware; start before the peak window.,Prioritize decor and kitchenware; maintain safety stock and faster replenishment during peak days.,Add packing and delivery staff for peak order windows,Increase last-mile capacity and packing material,Demand spikes causing queueing and delivery delays,Synthetic/example scenario: A home-services provider in Chennai sees rising decor and kitchenware demand from young adults customers.,Add temporary staff for peak hours and pre-book delivery capacity,0.81,"Synthetic example: Onam demand in Chennai typically concentrates around 7-10 days before thiruvonam through the main day, with mixed cash and upi; customers use qr payments at neighbourhood merchants; decor and kitchenware is relevant to the selected merchant segment."
Onam,Thiruvonam; Onam Festival,Major regional cultural festival,Monsoon / August-September,10-day traditional festival; dates vary annually,Kerala; Malayali communities across India,Kochi,"Harvest and cultural festival associated with King Mahabali, family reunions and prosperity",Pookalam; Onam sadya; Vallam Kali; traditional dress; temple visits,Gift-oriented and convenience-driven purchases increase,High,7-10 days before Thiruvonam through the main day,"grocery: rice, coconut, vegetables and sadya ingredients",home delivery,neighbourhood retailer,budget-conscious shoppers,UPI dominates quick purchases; cards used for higher-value orders,Free delivery above a threshold,Higher loyalty points for UPI transactions,"Geo-target Kochi customers with festival-specific messaging for rice, coconut, vegetables and sadya ingredients; start before the peak window.","Prioritize rice, coconut, vegetables and sadya ingredients; maintain safety stock and faster replenishment during peak days.",Add packing and delivery staff for peak order windows,Increase last-mile capacity and packing material,Cash-handling and reconciliation issues during peak hours,"Synthetic/example scenario: A neighbourhood retailer in Kochi sees rising rice, coconut, vegetables and sadya ingredients demand from budget-conscious shoppers customers.",Offer a minimum-order free-delivery threshold and track hourly demand,0.89,"Synthetic example: Onam demand in Kochi typically concentrates around 7-10 days before thiruvonam through the main day, with digital payments increase during peak hours; contactless/card usage for premium purchases; rice, coconut, vegetables and sadya ingredients is relevant to the selected merchant segment."
Onam,Thiruvonam; Onam Festival,Major regional cultural festival,Monsoon / August-September,10-day traditional festival; dates vary annually,Kerala; Malayali communities across India,Bengaluru,"Harvest and cultural festival associated with King Mahabali, family reunions and prosperity",Pookalam; Onam sadya; Vallam Kali; traditional dress; temple visits,Peak-hour walk-ins and quick digital orders increase,High,7-10 days before Thiruvonam through the main day,sweets: payasam and festive food,travel booking,home-services provider,migrant households,High UPI usage for small and medium tickets; cash remains relevant for local purchases,Festival bundle discount with minimum order value,Small instant discount for digital payment,Geo-target Bengaluru customers with festival-specific messaging for payasam and festive food; start before the peak window.,Prioritize payasam and festive food; maintain safety stock and faster replenishment during peak days.,Add packing and delivery staff for peak order windows,Increase last-mile capacity and packing material,Stockouts on fast-moving SKUs and late replenishment,Synthetic/example scenario: A home-services provider in Bengaluru sees rising payasam and festive food demand from migrant households customers.,Use targeted local messaging in Bengaluru and promote payasam and festive food 5-7 days early,0.8,"Synthetic example: Onam demand in Bengaluru typically concentrates around 7-10 days before thiruvonam through the main day, with high upi usage for small and medium tickets; cash remains relevant for local purchases; payasam and festive food is relevant to the selected merchant segment."
Onam,Thiruvonam; Onam Festival,Major regional cultural festival,Monsoon / August-September,10-day traditional festival; dates vary annually,Kerala; Malayali communities across India,Thrissur,"Harvest and cultural festival associated with King Mahabali, family reunions and prosperity",Pookalam; Onam sadya; Vallam Kali; traditional dress; temple visits,Peak-hour walk-ins and quick digital orders increase,High,7-10 days before Thiruvonam through the main day,home: decor and kitchenware,travel booking,sweet shop,tourists/travellers,Mixed cash and UPI; customers use QR payments at neighbourhood merchants,Festival bundle discount with minimum order value,Higher loyalty points for UPI transactions,Geo-target Thrissur customers with festival-specific messaging for decor and kitchenware; start before the peak window.,Prioritize decor and kitchenware; maintain safety stock and faster replenishment during peak days.,Add 1-2 sales/counter staff during peak hours,Coordinate supplier replenishment before peak days,Price competition and promotion margin pressure,Synthetic/example scenario: A sweet shop in Thrissur sees rising decor and kitchenware demand from tourists/travellers customers.,Increase decor and kitchenware inventory by 20-35% and set a daily reorder threshold,0.86,"Synthetic example: Onam demand in Thrissur typically concentrates around 7-10 days before thiruvonam through the main day, with upi dominates quick purchases; cards used for higher-value orders; decor and kitchenware is relevant to the selected merchant segment."
Onam,Thiruvonam; Onam Festival,Major regional cultural festival,Monsoon / August-September,10-day traditional festival; dates vary annually,Kerala; Malayali communities across India,Kochi,"Harvest and cultural festival associated with King Mahabali, family reunions and prosperity",Pookalam; Onam sadya; Vallam Kali; traditional dress; temple visits,Customers compare prices and respond to bundles,High,Early planning window; 10-15 days before festival,"grocery: rice, coconut, vegetables and sadya ingredients",home delivery,electronics retailer,young adults,Mixed cash and UPI; customers use QR payments at neighbourhood merchants,Loyalty points or wallet cashback on repeat purchases,Free add-on for orders paid digitally,"Geo-target Kochi customers with festival-specific messaging for rice, coconut, vegetables and sadya ingredients; start before the peak window.","Prioritize rice, coconut, vegetables and sadya ingredients; maintain safety stock and faster replenishment during peak days.",Add packing and delivery staff for peak order windows,Pre-book local delivery slots and optimize routes,Demand spikes causing queueing and delivery delays,"Synthetic/example scenario: A electronics retailer in Kochi sees rising rice, coconut, vegetables and sadya ingredients demand from young adults customers.",Offer a minimum-order free-delivery threshold and track hourly demand,0.81,"Synthetic example: Onam demand in Kochi typically concentrates around early planning window; 10-15 days before festival, with mixed cash and upi; customers use qr payments at neighbourhood merchants; rice, coconut, vegetables and sadya ingredients is relevant to the selected merchant segment."
Onam,Thiruvonam; Onam Festival,Major regional cultural festival,Monsoon / August-September,10-day traditional festival; dates vary annually,Kerala; Malayali communities across India,Chennai,"Harvest and cultural festival associated with King Mahabali, family reunions and prosperity",Pookalam; Onam sadya; Vallam Kali; traditional dress; temple visits,Customers compare prices and respond to bundles,High,7-10 days before Thiruvonam through the main day,electronics: home appliances,event services,restaurant,migrant households,Digital payments increase during peak hours; contactless/card usage for premium purchases,Loyalty points or wallet cashback on repeat purchases,Free add-on for orders paid digitally,Geo-target Chennai customers with festival-specific messaging for home appliances; start before the peak window.,Prioritize home appliances; maintain safety stock and faster replenishment during peak days.,Add packing and delivery staff for peak order windows,Pre-book local delivery slots and optimize routes,Price competition and promotion margin pressure,Synthetic/example scenario: A restaurant in Chennai sees rising home appliances demand from migrant households customers.,Increase home appliances inventory by 20-35% and set a daily reorder threshold,0.92,"Synthetic example: Onam demand in Chennai typically concentrates around 7-10 days before thiruvonam through the main day, with digital payments increase during peak hours; contactless/card usage for premium purchases; home appliances is relevant to the selected merchant segment."
Onam,Thiruvonam; Onam Festival,Major regional cultural festival,Monsoon / August-September,10-day traditional festival; dates vary annually,Kerala; Malayali communities across India,Thiruvananthapuram,"Harvest and cultural festival associated with King Mahabali, family reunions and prosperity",Pookalam; Onam sadya; Vallam Kali; traditional dress; temple visits,Gift-oriented and convenience-driven purchases increase,High,7-10 days before Thiruvonam through the main day,sweets: payasam and festive food,food catering,sweet shop,budget-conscious shoppers,UPI dominates quick purchases; cards used for higher-value orders,Buy-more-save-more on festive essentials,Higher loyalty points for UPI transactions,Geo-target Thiruvananthapuram customers with festival-specific messaging for payasam and festive food; start before the peak window.,Prioritize payasam and festive food; maintain safety stock and faster replenishment during peak days.,Add 1-2 sales/counter staff during peak hours,Increase last-mile capacity and packing material,Cash-handling and reconciliation issues during peak hours,Synthetic/example scenario: A sweet shop in Thiruvananthapuram sees rising payasam and festive food demand from budget-conscious shoppers customers.,Increase payasam and festive food inventory by 20-35% and set a daily reorder threshold,0.93,"Synthetic example: Onam demand in Thiruvananthapuram typically concentrates around 7-10 days before thiruvonam through the main day, with high upi usage for small and medium tickets; cash remains relevant for local purchases; payasam and festive food is relevant to the selected merchant segment."
Onam,Thiruvonam; Onam Festival,Major regional cultural festival,Monsoon / August-September,10-day traditional festival; dates vary annually,Kerala; Malayali communities across India,Kozhikode,"Harvest and cultural festival associated with King Mahabali, family reunions and prosperity",Pookalam; Onam sadya; Vallam Kali; traditional dress; temple visits,Bulk buying and family-oriented shopping increases,High,7-10 days before Thiruvonam through the main day,"grocery: rice, coconut, vegetables and sadya ingredients",digital payments,travel operator,local communities,Mixed cash and UPI; customers use QR payments at neighbourhood merchants,Buy-more-save-more on festive essentials,Free add-on for orders paid digitally,"Geo-target Kozhikode customers with festival-specific messaging for rice, coconut, vegetables and sadya ingredients; start before the peak window.","Prioritize rice, coconut, vegetables and sadya ingredients; maintain safety stock and faster replenishment during peak days.","Cross-train staff for billing, packing and customer support",Pre-book local delivery slots and optimize routes,Price competition and promotion margin pressure,"Synthetic/example scenario: A travel operator in Kozhikode sees rising rice, coconut, vegetables and sadya ingredients demand from local communities customers.",Offer a minimum-order free-delivery threshold and track hourly demand,0.85,"Synthetic example: Onam demand in Kozhikode typically concentrates around 7-10 days before thiruvonam through the main day, with upi dominates quick purchases; cards used for higher-value orders; rice, coconut, vegetables and sadya ingredients is relevant to the selected merchant segment."
Onam,Thiruvonam; Onam Festival,Major regional cultural festival,Monsoon / August-September,10-day traditional festival; dates vary annually,Kerala; Malayali communities across India,Chennai,"Harvest and cultural festival associated with King Mahabali, family reunions and prosperity",Pookalam; Onam sadya; Vallam Kali; traditional dress; temple visits,Bulk buying and family-oriented shopping increases,Very High,7-10 days before Thiruvonam through the main day,sweets: payasam and festive food,home delivery,fashion retailer,young adults,UPI dominates quick purchases; cards used for higher-value orders,Buy-more-save-more on festive essentials,Small instant discount for digital payment,Geo-target Chennai customers with festival-specific messaging for payasam and festive food; start before the peak window.,Prioritize payasam and festive food; maintain safety stock and faster replenishment during peak days.,"Cross-train staff for billing, packing and customer support",Increase last-mile capacity and packing material,Unsold seasonal inventory after the festival,Synthetic/example scenario: A fashion retailer in Chennai sees rising payasam and festive food demand from young adults customers.,Increase payasam and festive food inventory by 20-35% and set a daily reorder threshold,0.83,"Synthetic example: Onam demand in Chennai typically concentrates around 7-10 days before thiruvonam through the main day, with mixed cash and upi; customers use qr payments at neighbourhood merchants; payasam and festive food is relevant to the selected merchant segment."
Onam,Thiruvonam; Onam Festival,Major regional cultural festival,Monsoon / August-September,10-day traditional festival; dates vary annually,Kerala; Malayali communities across India,Bengaluru,"Harvest and cultural festival associated with King Mahabali, family reunions and prosperity",Pookalam; Onam sadya; Vallam Kali; traditional dress; temple visits,Customers compare prices and respond to bundles,High,7-10 days before Thiruvonam through the main day,electronics: home appliances,event services,restaurant,office-goers,UPI dominates quick purchases; cards used for higher-value orders,Free delivery above a threshold,Higher loyalty points for UPI transactions,Geo-target Bengaluru customers with festival-specific messaging for home appliances; start before the peak window.,Prioritize home appliances; maintain safety stock and faster replenishment during peak days.,Add 1-2 sales/counter staff during peak hours,Pre-book local delivery slots and optimize routes,Demand spikes causing queueing and delivery delays,Synthetic/example scenario: A restaurant in Bengaluru sees rising home appliances demand from office-goers customers.,Use targeted local messaging in Bengaluru and promote home appliances 5-7 days early,0.9,"Synthetic example: Onam demand in Bengaluru typically concentrates around 7-10 days before thiruvonam through the main day, with digital payments increase during peak hours; contactless/card usage for premium purchases; home appliances is relevant to the selected merchant segment."
Onam,Thiruvonam; Onam Festival,Major regional cultural festival,Monsoon / August-September,10-day traditional festival; dates vary annually,Kerala; Malayali communities across India,Thrissur,"Harvest and cultural festival associated with King Mahabali, family reunions and prosperity",Pookalam; Onam sadya; Vallam Kali; traditional dress; temple visits,Peak-hour walk-ins and quick digital orders increase,High,7-10 days before Thiruvonam through the main day,home: decor and kitchenware,travel booking,delivery merchant,families,Digital payments increase during peak hours; contactless/card usage for premium purchases,Free delivery above a threshold,Free add-on for orders paid digitally,Geo-target Thrissur customers with festival-specific messaging for decor and kitchenware; start before the peak window.,Prioritize decor and kitchenware; maintain safety stock and faster replenishment during peak days.,Add packing and delivery staff for peak order windows,Coordinate supplier replenishment before peak days,Stockouts on fast-moving SKUs and late replenishment,Synthetic/example scenario: A delivery merchant in Thrissur sees rising decor and kitchenware demand from families customers.,Use targeted local messaging in Thrissur and promote decor and kitchenware 5-7 days early,0.81,"Synthetic example: Onam demand in Thrissur typically concentrates around 7-10 days before thiruvonam through the main day, with high upi usage for small and medium tickets; cash remains relevant for local purchases; decor and kitchenware is relevant to the selected merchant segment."
Onam,Thiruvonam; Onam Festival,Major regional cultural festival,Monsoon / August-September,10-day traditional festival; dates vary annually,Kerala; Malayali communities across India,Thrissur,"Harvest and cultural festival associated with King Mahabali, family reunions and prosperity",Pookalam; Onam sadya; Vallam Kali; traditional dress; temple visits,Advance purchases rise before the main ritual day,High,7-10 days before Thiruvonam through the main day,electronics: home appliances,digital payments,restaurant,young adults,UPI dominates quick purchases; cards used for higher-value orders,Loyalty points or wallet cashback on repeat purchases,Higher loyalty points for UPI transactions,Geo-target Thrissur customers with festival-specific messaging for home appliances; start before the peak window.,Prioritize home appliances; maintain safety stock and faster replenishment during peak days.,Add 1-2 sales/counter staff during peak hours,Increase last-mile capacity and packing material,Stockouts on fast-moving SKUs and late replenishment,Synthetic/example scenario: A restaurant in Thrissur sees rising home appliances demand from young adults customers.,Create a festival bundle around home appliances with a digital-payment incentive,0.84,"Synthetic example: Onam demand in Thrissur typically concentrates around 7-10 days before thiruvonam through the main day, with upi dominates quick purchases; cards used for higher-value orders; home appliances is relevant to the selected merchant segment."
Onam,Thiruvonam; Onam Festival,Major regional cultural festival,Monsoon / August-September,10-day traditional festival; dates vary annually,Kerala; Malayali communities across India,Chennai,"Harvest and cultural festival associated with King Mahabali, family reunions and prosperity",Pookalam; Onam sadya; Vallam Kali; traditional dress; temple visits,Advance purchases rise before the main ritual day,High,7-10 days before Thiruvonam through the main day,jewellery: gold jewellery,digital payments,travel operator,young adults,High UPI usage for small and medium tickets; cash remains relevant for local purchases,Free delivery above a threshold,Small instant discount for digital payment,Geo-target Chennai customers with festival-specific messaging for gold jewellery; start before the peak window.,Prioritize gold jewellery; maintain safety stock and faster replenishment during peak days.,Add packing and delivery staff for peak order windows,Pre-book local delivery slots and optimize routes,Stockouts on fast-moving SKUs and late replenishment,Synthetic/example scenario: A travel operator in Chennai sees rising gold jewellery demand from young adults customers.,Add temporary staff for peak hours and pre-book delivery capacity,0.93,"Synthetic example: Onam demand in Chennai typically concentrates around 7-10 days before thiruvonam through the main day, with mixed cash and upi; customers use qr payments at neighbourhood merchants; gold jewellery is relevant to the selected merchant segment."
Onam,Thiruvonam; Onam Festival,Major regional cultural festival,Monsoon / August-September,10-day traditional festival; dates vary annually,Kerala; Malayali communities across India,Chennai,"Harvest and cultural festival associated with King Mahabali, family reunions and prosperity",Pookalam; Onam sadya; Vallam Kali; traditional dress; temple visits,Bulk buying and family-oriented shopping increases,High,7-10 days before Thiruvonam through the main day,sweets: payasam and festive food,food catering,sweet shop,budget-conscious shoppers,Digital payments increase during peak hours; contactless/card usage for premium purchases,Festival bundle discount with minimum order value,Small instant discount for digital payment,Geo-target Chennai customers with festival-specific messaging for payasam and festive food; start before the peak window.,Prioritize payasam and festive food; maintain safety stock and faster replenishment during peak days.,Add 1-2 sales/counter staff during peak hours,Coordinate supplier replenishment before peak days,Price competition and promotion margin pressure,Synthetic/example scenario: A sweet shop in Chennai sees rising payasam and festive food demand from budget-conscious shoppers customers.,Add temporary staff for peak hours and pre-book delivery capacity,0.85,"Synthetic example: Onam demand in Chennai typically concentrates around 7-10 days before thiruvonam through the main day, with digital payments increase during peak hours; contactless/card usage for premium purchases; payasam and festive food is relevant to the selected merchant segment."
Onam,Thiruvonam; Onam Festival,Major regional cultural festival,Monsoon / August-September,10-day traditional festival; dates vary annually,Kerala; Malayali communities across India,Chennai,"Harvest and cultural festival associated with King Mahabali, family reunions and prosperity",Pookalam; Onam sadya; Vallam Kali; traditional dress; temple visits,Customers compare prices and respond to bundles,High,7-10 days before Thiruvonam through the main day,jewellery: gold jewellery,home delivery,electronics retailer,office-goers,High UPI usage for small and medium tickets; cash remains relevant for local purchases,Loyalty points or wallet cashback on repeat purchases,Higher loyalty points for UPI transactions,Geo-target Chennai customers with festival-specific messaging for gold jewellery; start before the peak window.,Prioritize gold jewellery; maintain safety stock and faster replenishment during peak days.,"Cross-train staff for billing, packing and customer support",Increase last-mile capacity and packing material,Cash-handling and reconciliation issues during peak hours,Synthetic/example scenario: A electronics retailer in Chennai sees rising gold jewellery demand from office-goers customers.,Create a festival bundle around gold jewellery with a digital-payment incentive,0.93,"Synthetic example: Onam demand in Chennai typically concentrates around 7-10 days before thiruvonam through the main day, with high upi usage for small and medium tickets; cash remains relevant for local purchases; gold jewellery is relevant to the selected merchant segment."
Onam,Thiruvonam; Onam Festival,Major regional cultural festival,Monsoon / August-September,10-day traditional festival; dates vary annually,Kerala; Malayali communities across India,Bengaluru,"Harvest and cultural festival associated with King Mahabali, family reunions and prosperity",Pookalam; Onam sadya; Vallam Kali; traditional dress; temple visits,Gift-oriented and convenience-driven purchases increase,High,7-10 days before Thiruvonam through the main day,jewellery: gold jewellery,travel booking,restaurant,local communities,High UPI usage for small and medium tickets; cash remains relevant for local purchases,5-10% category discount during peak week,Free add-on for orders paid digitally,Geo-target Bengaluru customers with festival-specific messaging for gold jewellery; start before the peak window.,Prioritize gold jewellery; maintain safety stock and faster replenishment during peak days.,Add 1-2 sales/counter staff during peak hours,Increase last-mile capacity and packing material,Unsold seasonal inventory after the festival,Synthetic/example scenario: A restaurant in Bengaluru sees rising gold jewellery demand from local communities customers.,Offer a minimum-order free-delivery threshold and track hourly demand,0.83,"Synthetic example: Onam demand in Bengaluru typically concentrates around 7-10 days before thiruvonam through the main day, with upi dominates quick purchases; cards used for higher-value orders; gold jewellery is relevant to the selected merchant segment."
Onam,Thiruvonam; Onam Festival,Major regional cultural festival,Monsoon / August-September,10-day traditional festival; dates vary annually,Kerala; Malayali communities across India,Thiruvananthapuram,"Harvest and cultural festival associated with King Mahabali, family reunions and prosperity",Pookalam; Onam sadya; Vallam Kali; traditional dress; temple visits,Peak-hour walk-ins and quick digital orders increase,High,7-10 days before Thiruvonam through the main day,sweets: payasam and festive food,home delivery,restaurant,premium shoppers,Digital payments increase during peak hours; contactless/card usage for premium purchases,5-10% category discount during peak week,Higher loyalty points for UPI transactions,Geo-target Thiruvananthapuram customers with festival-specific messaging for payasam and festive food; start before the peak window.,Prioritize payasam and festive food; maintain safety stock and faster replenishment during peak days.,"Cross-train staff for billing, packing and customer support",Increase last-mile capacity and packing material,Unsold seasonal inventory after the festival,Synthetic/example scenario: A restaurant in Thiruvananthapuram sees rising payasam and festive food demand from premium shoppers customers.,Create a festival bundle around payasam and festive food with a digital-payment incentive,0.92,"Synthetic example: Onam demand in Thiruvananthapuram typically concentrates around 7-10 days before thiruvonam through the main day, with mixed cash and upi; customers use qr payments at neighbourhood merchants; payasam and festive food is relevant to the selected merchant segment."
Onam,Thiruvonam; Onam Festival,Major regional cultural festival,Monsoon / August-September,10-day traditional festival; dates vary annually,Kerala; Malayali communities across India,Thrissur,"Harvest and cultural festival associated with King Mahabali, family reunions and prosperity",Pookalam; Onam sadya; Vallam Kali; traditional dress; temple visits,Advance purchases rise before the main ritual day,High,Early planning window; 10-15 days before festival,electronics: home appliances,event services,neighbourhood retailer,young adults,Digital payments increase during peak hours; contactless/card usage for premium purchases,Free delivery above a threshold,Higher loyalty points for UPI transactions,Geo-target Thrissur customers with festival-specific messaging for home appliances; start before the peak window.,Prioritize home appliances; maintain safety stock and faster replenishment during peak days.,"Cross-train staff for billing, packing and customer support",Pre-book local delivery slots and optimize routes,Cash-handling and reconciliation issues during peak hours,Synthetic/example scenario: A neighbourhood retailer in Thrissur sees rising home appliances demand from young adults customers.,Add temporary staff for peak hours and pre-book delivery capacity,0.91,"Synthetic example: Onam demand in Thrissur typically concentrates around early planning window; 10-15 days before festival, with digital payments increase during peak hours; contactless/card usage for premium purchases; home appliances is relevant to the selected merchant segment."
Onam,Thiruvonam; Onam Festival,Major regional cultural festival,Monsoon / August-September,10-day traditional festival; dates vary annually,Kerala; Malayali communities across India,Kochi,"Harvest and cultural festival associated with King Mahabali, family reunions and prosperity",Pookalam; Onam sadya; Vallam Kali; traditional dress; temple visits,Peak-hour walk-ins and quick digital orders increase,Very High,7-10 days before Thiruvonam through the main day,sweets: payasam and festive food,food catering,travel operator,local communities,UPI dominates quick purchases; cards used for higher-value orders,Free delivery above a threshold,Higher loyalty points for UPI transactions,Geo-target Kochi customers with festival-specific messaging for payasam and festive food; start before the peak window.,Prioritize payasam and festive food; maintain safety stock and faster replenishment during peak days.,Add packing and delivery staff for peak order windows,Increase last-mile capacity and packing material,Cash-handling and reconciliation issues during peak hours,Synthetic/example scenario: A travel operator in Kochi sees rising payasam and festive food demand from local communities customers.,Use targeted local messaging in Kochi and promote payasam and festive food 5-7 days early,0.82,"Synthetic example: Onam demand in Kochi typically concentrates around 7-10 days before thiruvonam through the main day, with high upi usage for small and medium tickets; cash remains relevant for local purchases; payasam and festive food is relevant to the selected merchant segment."
Onam,Thiruvonam; Onam Festival,Major regional cultural festival,Monsoon / August-September,10-day traditional festival; dates vary annually,Kerala; Malayali communities across India,Bengaluru,"Harvest and cultural festival associated with King Mahabali, family reunions and prosperity",Pookalam; Onam sadya; Vallam Kali; traditional dress; temple visits,Bulk buying and family-oriented shopping increases,High,7-10 days before Thiruvonam through the main day,home: decor and kitchenware,digital payments,delivery merchant,migrant households,High UPI usage for small and medium tickets; cash remains relevant for local purchases,Festival bundle discount with minimum order value,Free add-on for orders paid digitally,Geo-target Bengaluru customers with festival-specific messaging for decor and kitchenware; start before the peak window.,Prioritize decor and kitchenware; maintain safety stock and faster replenishment during peak days.,Add 1-2 sales/counter staff during peak hours,Pre-book local delivery slots and optimize routes,Price competition and promotion margin pressure,Synthetic/example scenario: A delivery merchant in Bengaluru sees rising decor and kitchenware demand from migrant households customers.,Add temporary staff for peak hours and pre-book delivery capacity,0.95,"Synthetic example: Onam demand in Bengaluru typically concentrates around 7-10 days before thiruvonam through the main day, with upi dominates quick purchases; cards used for higher-value orders; decor and kitchenware is relevant to the selected merchant segment."
Onam,Thiruvonam; Onam Festival,Major regional cultural festival,Monsoon / August-September,10-day traditional festival; dates vary annually,Kerala; Malayali communities across India,Thrissur,"Harvest and cultural festival associated with King Mahabali, family reunions and prosperity",Pookalam; Onam sadya; Vallam Kali; traditional dress; temple visits,Advance purchases rise before the main ritual day,High,7-10 days before Thiruvonam through the main day,fashion: kasavu sarees and traditional wear,event services,travel operator,families,UPI dominates quick purchases; cards used for higher-value orders,Buy-more-save-more on festive essentials,UPI cashback or merchant-funded QR incentive,Geo-target Thrissur customers with festival-specific messaging for kasavu sarees and traditional wear; start before the peak window.,Prioritize kasavu sarees and traditional wear; maintain safety stock and faster replenishment during peak days.,"Cross-train staff for billing, packing and customer support",Increase last-mile capacity and packing material,Demand spikes causing queueing and delivery delays,Synthetic/example scenario: A travel operator in Thrissur sees rising kasavu sarees and traditional wear demand from families customers.,Create a festival bundle around kasavu sarees and traditional wear with a digital-payment incentive,0.95,"Synthetic example: Onam demand in Thrissur typically concentrates around 7-10 days before thiruvonam through the main day, with mixed cash and upi; customers use qr payments at neighbourhood merchants; kasavu sarees and traditional wear is relevant to the selected merchant segment."
Onam,Thiruvonam; Onam Festival,Major regional cultural festival,Monsoon / August-September,10-day traditional festival; dates vary annually,Kerala; Malayali communities across India,Kochi,"Harvest and cultural festival associated with King Mahabali, family reunions and prosperity",Pookalam; Onam sadya; Vallam Kali; traditional dress; temple visits,Customers compare prices and respond to bundles,High,7-10 days before Thiruvonam through the main day,home: decor and kitchenware,food catering,electronics retailer,migrant households,Digital payments increase during peak hours; contactless/card usage for premium purchases,Festival bundle discount with minimum order value,UPI cashback or merchant-funded QR incentive,Geo-target Kochi customers with festival-specific messaging for decor and kitchenware; start before the peak window.,Prioritize decor and kitchenware; maintain safety stock and faster replenishment during peak days.,Add 1-2 sales/counter staff during peak hours,Pre-book local delivery slots and optimize routes,Price competition and promotion margin pressure,Synthetic/example scenario: A electronics retailer in Kochi sees rising decor and kitchenware demand from migrant households customers.,Add temporary staff for peak hours and pre-book delivery capacity,0.92,"Synthetic example: Onam demand in Kochi typically concentrates around 7-10 days before thiruvonam through the main day, with digital payments increase during peak hours; contactless/card usage for premium purchases; decor and kitchenware is relevant to the selected merchant segment."
Onam,Thiruvonam; Onam Festival,Major regional cultural festival,Monsoon / August-September,10-day traditional festival; dates vary annually,Kerala; Malayali communities across India,Kochi,"Harvest and cultural festival associated with King Mahabali, family reunions and prosperity",Pookalam; Onam sadya; Vallam Kali; traditional dress; temple visits,Advance purchases rise before the main ritual day,High,7-10 days before Thiruvonam through the main day,electronics: home appliances,digital payments,restaurant,premium shoppers,High UPI usage for small and medium tickets; cash remains relevant for local purchases,Free delivery above a threshold,Small instant discount for digital payment,Geo-target Kochi customers with festival-specific messaging for home appliances; start before the peak window.,Prioritize home appliances; maintain safety stock and faster replenishment during peak days.,Add packing and delivery staff for peak order windows,Pre-book local delivery slots and optimize routes,Price competition and promotion margin pressure,Synthetic/example scenario: A restaurant in Kochi sees rising home appliances demand from premium shoppers customers.,Increase home appliances inventory by 20-35% and set a daily reorder threshold,0.78,"Synthetic example: Onam demand in Kochi typically concentrates around 7-10 days before thiruvonam through the main day, with high upi usage for small and medium tickets; cash remains relevant for local purchases; home appliances is relevant to the selected merchant segment."
Onam,Thiruvonam; Onam Festival,Major regional cultural festival,Monsoon / August-September,10-day traditional festival; dates vary annually,Kerala; Malayali communities across India,Thrissur,"Harvest and cultural festival associated with King Mahabali, family reunions and prosperity",Pookalam; Onam sadya; Vallam Kali; traditional dress; temple visits,Customers compare prices and respond to bundles,High,7-10 days before Thiruvonam through the main day,fashion: kasavu sarees and traditional wear,food catering,neighbourhood retailer,young adults,Digital payments increase during peak hours; contactless/card usage for premium purchases,5-10% category discount during peak week,Small instant discount for digital payment,Geo-target Thrissur customers with festival-specific messaging for kasavu sarees and traditional wear; start before the peak window.,Prioritize kasavu sarees and traditional wear; maintain safety stock and faster replenishment during peak days.,Add 1-2 sales/counter staff during peak hours,Coordinate supplier replenishment before peak days,Unsold seasonal inventory after the festival,Synthetic/example scenario: A neighbourhood retailer in Thrissur sees rising kasavu sarees and traditional wear demand from young adults customers.,Add temporary staff for peak hours and pre-book delivery capacity,0.95,"Synthetic example: Onam demand in Thrissur typically concentrates around 7-10 days before thiruvonam through the main day, with upi dominates quick purchases; cards used for higher-value orders; kasavu sarees and traditional wear is relevant to the selected merchant segment."
Onam,Thiruvonam; Onam Festival,Major regional cultural festival,Monsoon / August-September,10-day traditional festival; dates vary annually,Kerala; Malayali communities across India,Kochi,"Harvest and cultural festival associated with King Mahabali, family reunions and prosperity",Pookalam; Onam sadya; Vallam Kali; traditional dress; temple visits,Customers compare prices and respond to bundles,High,7-10 days before Thiruvonam through the main day,jewellery: gold jewellery,event services,delivery merchant,migrant households,Digital payments increase during peak hours; contactless/card usage for premium purchases,Loyalty points or wallet cashback on repeat purchases,Free add-on for orders paid digitally,Geo-target Kochi customers with festival-specific messaging for gold jewellery; start before the peak window.,Prioritize gold jewellery; maintain safety stock and faster replenishment during peak days.,Add 1-2 sales/counter staff during peak hours,Pre-book local delivery slots and optimize routes,Unsold seasonal inventory after the festival,Synthetic/example scenario: A delivery merchant in Kochi sees rising gold jewellery demand from migrant households customers.,Create a festival bundle around gold jewellery with a digital-payment incentive,0.9,"Synthetic example: Onam demand in Kochi typically concentrates around 7-10 days before thiruvonam through the main day, with mixed cash and upi; customers use qr payments at neighbourhood merchants; gold jewellery is relevant to the selected merchant segment."
Onam,Thiruvonam; Onam Festival,Major regional cultural festival,Monsoon / August-September,10-day traditional festival; dates vary annually,Kerala; Malayali communities across India,Thiruvananthapuram,"Harvest and cultural festival associated with King Mahabali, family reunions and prosperity",Pookalam; Onam sadya; Vallam Kali; traditional dress; temple visits,Customers compare prices and respond to bundles,High,7-10 days before Thiruvonam through the main day,"grocery: rice, coconut, vegetables and sadya ingredients",travel booking,neighbourhood retailer,office-goers,Mixed cash and UPI; customers use QR payments at neighbourhood merchants,Festival bundle discount with minimum order value,Small instant discount for digital payment,"Geo-target Thiruvananthapuram customers with festival-specific messaging for rice, coconut, vegetables and sadya ingredients; start before the peak window.","Prioritize rice, coconut, vegetables and sadya ingredients; maintain safety stock and faster replenishment during peak days.","Cross-train staff for billing, packing and customer support",Coordinate supplier replenishment before peak days,Price competition and promotion margin pressure,"Synthetic/example scenario: A neighbourhood retailer in Thiruvananthapuram sees rising rice, coconut, vegetables and sadya ingredients demand from office-goers customers.",Add temporary staff for peak hours and pre-book delivery capacity,0.93,"Synthetic example: Onam demand in Thiruvananthapuram typically concentrates around 7-10 days before thiruvonam through the main day, with digital payments increase during peak hours; contactless/card usage for premium purchases; rice, coconut, vegetables and sadya ingredients is relevant to the selected merchant segment."
Onam,Thiruvonam; Onam Festival,Major regional cultural festival,Monsoon / August-September,10-day traditional festival; dates vary annually,Kerala; Malayali communities across India,Chennai,"Harvest and cultural festival associated with King Mahabali, family reunions and prosperity",Pookalam; Onam sadya; Vallam Kali; traditional dress; temple visits,Gift-oriented and convenience-driven purchases increase,High,7-10 days before Thiruvonam through the main day,jewellery: gold jewellery,food catering,delivery merchant,budget-conscious shoppers,UPI dominates quick purchases; cards used for higher-value orders,Free delivery above a threshold,Higher loyalty points for UPI transactions,Geo-target Chennai customers with festival-specific messaging for gold jewellery; start before the peak window.,Prioritize gold jewellery; maintain safety stock and faster replenishment during peak days.,"Cross-train staff for billing, packing and customer support",Pre-book local delivery slots and optimize routes,Unsold seasonal inventory after the festival,Synthetic/example scenario: A delivery merchant in Chennai sees rising gold jewellery demand from budget-conscious shoppers customers.,Create a festival bundle around gold jewellery with a digital-payment incentive,0.88,"Synthetic example: Onam demand in Chennai typically concentrates around 7-10 days before thiruvonam through the main day, with high upi usage for small and medium tickets; cash remains relevant for local purchases; gold jewellery is relevant to the selected merchant segment."
Onam,Thiruvonam; Onam Festival,Major regional cultural festival,Monsoon / August-September,10-day traditional festival; dates vary annually,Kerala; Malayali communities across India,Thrissur,"Harvest and cultural festival associated with King Mahabali, family reunions and prosperity",Pookalam; Onam sadya; Vallam Kali; traditional dress; temple visits,Bulk buying and family-oriented shopping increases,High,7-10 days before Thiruvonam through the main day,fashion: kasavu sarees and traditional wear,home delivery,jewellery store,young adults,Mixed cash and UPI; customers use QR payments at neighbourhood merchants,Buy-more-save-more on festive essentials,Small instant discount for digital payment,Geo-target Thrissur customers with festival-specific messaging for kasavu sarees and traditional wear; start before the peak window.,Prioritize kasavu sarees and traditional wear; maintain safety stock and faster replenishment during peak days.,Add packing and delivery staff for peak order windows,Coordinate supplier replenishment before peak days,Price competition and promotion margin pressure,Synthetic/example scenario: A jewellery store in Thrissur sees rising kasavu sarees and traditional wear demand from young adults customers.,Offer a minimum-order free-delivery threshold and track hourly demand,0.79,"Synthetic example: Onam demand in Thrissur typically concentrates around 7-10 days before thiruvonam through the main day, with upi dominates quick purchases; cards used for higher-value orders; kasavu sarees and traditional wear is relevant to the selected merchant segment."
Onam,Thiruvonam; Onam Festival,Major regional cultural festival,Monsoon / August-September,10-day traditional festival; dates vary annually,Kerala; Malayali communities across India,Kozhikode,"Harvest and cultural festival associated with King Mahabali, family reunions and prosperity",Pookalam; Onam sadya; Vallam Kali; traditional dress; temple visits,Bulk buying and family-oriented shopping increases,Very High,7-10 days before Thiruvonam through the main day,electronics: home appliances,event services,home-services provider,migrant households,Mixed cash and UPI; customers use QR payments at neighbourhood merchants,5-10% category discount during peak week,UPI cashback or merchant-funded QR incentive,Geo-target Kozhikode customers with festival-specific messaging for home appliances; start before the peak window.,Prioritize home appliances; maintain safety stock and faster replenishment during peak days.,Add 1-2 sales/counter staff during peak hours,Increase last-mile capacity and packing material,Stockouts on fast-moving SKUs and late replenishment,Synthetic/example scenario: A home-services provider in Kozhikode sees rising home appliances demand from migrant households customers.,Increase home appliances inventory by 20-35% and set a daily reorder threshold,0.89,"Synthetic example: Onam demand in Kozhikode typically concentrates around 7-10 days before thiruvonam through the main day, with mixed cash and upi; customers use qr payments at neighbourhood merchants; home appliances is relevant to the selected merchant segment."
Onam,Thiruvonam; Onam Festival,Major regional cultural festival,Monsoon / August-September,10-day traditional festival; dates vary annually,Kerala; Malayali communities across India,Kozhikode,"Harvest and cultural festival associated with King Mahabali, family reunions and prosperity",Pookalam; Onam sadya; Vallam Kali; traditional dress; temple visits,Gift-oriented and convenience-driven purchases increase,High,7-10 days before Thiruvonam through the main day,jewellery: gold jewellery,event services,home-services provider,office-goers,UPI dominates quick purchases; cards used for higher-value orders,Buy-more-save-more on festive essentials,UPI cashback or merchant-funded QR incentive,Geo-target Kozhikode customers with festival-specific messaging for gold jewellery; start before the peak window.,Prioritize gold jewellery; maintain safety stock and faster replenishment during peak days.,Add packing and delivery staff for peak order windows,Pre-book local delivery slots and optimize routes,Price competition and promotion margin pressure,Synthetic/example scenario: A home-services provider in Kozhikode sees rising gold jewellery demand from office-goers customers.,Increase gold jewellery inventory by 20-35% and set a daily reorder threshold,0.9,"Synthetic example: Onam demand in Kozhikode typically concentrates around 7-10 days before thiruvonam through the main day, with digital payments increase during peak hours; contactless/card usage for premium purchases; gold jewellery is relevant to the selected merchant segment."
Onam,Thiruvonam; Onam Festival,Major regional cultural festival,Monsoon / August-September,10-day traditional festival; dates vary annually,Kerala; Malayali communities across India,Thiruvananthapuram,"Harvest and cultural festival associated with King Mahabali, family reunions and prosperity",Pookalam; Onam sadya; Vallam Kali; traditional dress; temple visits,Peak-hour walk-ins and quick digital orders increase,High,Early planning window; 10-15 days before festival,jewellery: gold jewellery,event services,restaurant,local communities,UPI dominates quick purchases; cards used for higher-value orders,Festival bundle discount with minimum order value,Small instant discount for digital payment,Geo-target Thiruvananthapuram customers with festival-specific messaging for gold jewellery; start before the peak window.,Prioritize gold jewellery; maintain safety stock and faster replenishment during peak days.,Add 1-2 sales/counter staff during peak hours,Increase last-mile capacity and packing material,Cash-handling and reconciliation issues during peak hours,Synthetic/example scenario: A restaurant in Thiruvananthapuram sees rising gold jewellery demand from local communities customers.,Increase gold jewellery inventory by 20-35% and set a daily reorder threshold,0.84,"Synthetic example: Onam demand in Thiruvananthapuram typically concentrates around early planning window; 10-15 days before festival, with high upi usage for small and medium tickets; cash remains relevant for local purchases; gold jewellery is relevant to the selected merchant segment."
Onam,Thiruvonam; Onam Festival,Major regional cultural festival,Monsoon / August-September,10-day traditional festival; dates vary annually,Kerala; Malayali communities across India,Thrissur,"Harvest and cultural festival associated with King Mahabali, family reunions and prosperity",Pookalam; Onam sadya; Vallam Kali; traditional dress; temple visits,Customers compare prices and respond to bundles,High,7-10 days before Thiruvonam through the main day,"grocery: rice, coconut, vegetables and sadya ingredients",travel booking,delivery merchant,families,High UPI usage for small and medium tickets; cash remains relevant for local purchases,5-10% category discount during peak week,Free add-on for orders paid digitally,"Geo-target Thrissur customers with festival-specific messaging for rice, coconut, vegetables and sadya ingredients; start before the peak window.","Prioritize rice, coconut, vegetables and sadya ingredients; maintain safety stock and faster replenishment during peak days.",Add packing and delivery staff for peak order windows,Coordinate supplier replenishment before peak days,Demand spikes causing queueing and delivery delays,"Synthetic/example scenario: A delivery merchant in Thrissur sees rising rice, coconut, vegetables and sadya ingredients demand from families customers.","Increase rice, coconut, vegetables and sadya ingredients inventory by 20-35% and set a daily reorder threshold",0.78,"Synthetic example: Onam demand in Thrissur typically concentrates around 7-10 days before thiruvonam through the main day, with upi dominates quick purchases; cards used for higher-value orders; rice, coconut, vegetables and sadya ingredients is relevant to the selected merchant segment."
Onam,Thiruvonam; Onam Festival,Major regional cultural festival,Monsoon / August-September,10-day traditional festival; dates vary annually,Kerala; Malayali communities across India,Chennai,"Harvest and cultural festival associated with King Mahabali, family reunions and prosperity",Pookalam; Onam sadya; Vallam Kali; traditional dress; temple visits,Bulk buying and family-oriented shopping increases,High,7-10 days before Thiruvonam through the main day,jewellery: gold jewellery,travel booking,fashion retailer,migrant households,High UPI usage for small and medium tickets; cash remains relevant for local purchases,Buy-more-save-more on festive essentials,Free add-on for orders paid digitally,Geo-target Chennai customers with festival-specific messaging for gold jewellery; start before the peak window.,Prioritize gold jewellery; maintain safety stock and faster replenishment during peak days.,Add packing and delivery staff for peak order windows,Coordinate supplier replenishment before peak days,Demand spikes causing queueing and delivery delays,Synthetic/example scenario: A fashion retailer in Chennai sees rising gold jewellery demand from migrant households customers.,Add temporary staff for peak hours and pre-book delivery capacity,0.92,"Synthetic example: Onam demand in Chennai typically concentrates around 7-10 days before thiruvonam through the main day, with mixed cash and upi; customers use qr payments at neighbourhood merchants; gold jewellery is relevant to the selected merchant segment."
Onam,Thiruvonam; Onam Festival,Major regional cultural festival,Monsoon / August-September,10-day traditional festival; dates vary annually,Kerala; Malayali communities across India,Kozhikode,"Harvest and cultural festival associated with King Mahabali, family reunions and prosperity",Pookalam; Onam sadya; Vallam Kali; traditional dress; temple visits,Peak-hour walk-ins and quick digital orders increase,High,7-10 days before Thiruvonam through the main day,"grocery: rice, coconut, vegetables and sadya ingredients",event services,delivery merchant,young adults,UPI dominates quick purchases; cards used for higher-value orders,Buy-more-save-more on festive essentials,Small instant discount for digital payment,"Geo-target Kozhikode customers with festival-specific messaging for rice, coconut, vegetables and sadya ingredients; start before the peak window.","Prioritize rice, coconut, vegetables and sadya ingredients; maintain safety stock and faster replenishment during peak days.",Add packing and delivery staff for peak order windows,Pre-book local delivery slots and optimize routes,Price competition and promotion margin pressure,"Synthetic/example scenario: A delivery merchant in Kozhikode sees rising rice, coconut, vegetables and sadya ingredients demand from young adults customers.",Offer a minimum-order free-delivery threshold and track hourly demand,0.85,"Synthetic example: Onam demand in Kozhikode typically concentrates around 7-10 days before thiruvonam through the main day, with digital payments increase during peak hours; contactless/card usage for premium purchases; rice, coconut, vegetables and sadya ingredients is relevant to the selected merchant segment."
Onam,Thiruvonam; Onam Festival,Major regional cultural festival,Monsoon / August-September,10-day traditional festival; dates vary annually,Kerala; Malayali communities across India,Chennai,"Harvest and cultural festival associated with King Mahabali, family reunions and prosperity",Pookalam; Onam sadya; Vallam Kali; traditional dress; temple visits,Bulk buying and family-oriented shopping increases,High,7-10 days before Thiruvonam through the main day,jewellery: gold jewellery,digital payments,neighbourhood retailer,premium shoppers,UPI dominates quick purchases; cards used for higher-value orders,Festival bundle discount with minimum order value,Free add-on for orders paid digitally,Geo-target Chennai customers with festival-specific messaging for gold jewellery; start before the peak window.,Prioritize gold jewellery; maintain safety stock and faster replenishment during peak days.,Add packing and delivery staff for peak order windows,Increase last-mile capacity and packing material,Stockouts on fast-moving SKUs and late replenishment,Synthetic/example scenario: A neighbourhood retailer in Chennai sees rising gold jewellery demand from premium shoppers customers.,Increase gold jewellery inventory by 20-35% and set a daily reorder threshold,0.94,"Synthetic example: Onam demand in Chennai typically concentrates around 7-10 days before thiruvonam through the main day, with high upi usage for small and medium tickets; cash remains relevant for local purchases; gold jewellery is relevant to the selected merchant segment."
Onam,Thiruvonam; Onam Festival,Major regional cultural festival,Monsoon / August-September,10-day traditional festival; dates vary annually,Kerala; Malayali communities across India,Thiruvananthapuram,"Harvest and cultural festival associated with King Mahabali, family reunions and prosperity",Pookalam; Onam sadya; Vallam Kali; traditional dress; temple visits,Advance purchases rise before the main ritual day,High,7-10 days before Thiruvonam through the main day,fashion: kasavu sarees and traditional wear,home delivery,grocery store,office-goers,Mixed cash and UPI; customers use QR payments at neighbourhood merchants,Festival bundle discount with minimum order value,Higher loyalty points for UPI transactions,Geo-target Thiruvananthapuram customers with festival-specific messaging for kasavu sarees and traditional wear; start before the peak window.,Prioritize kasavu sarees and traditional wear; maintain safety stock and faster replenishment during peak days.,Add 1-2 sales/counter staff during peak hours,Coordinate supplier replenishment before peak days,Unsold seasonal inventory after the festival,Synthetic/example scenario: A grocery store in Thiruvananthapuram sees rising kasavu sarees and traditional wear demand from office-goers customers.,Create a festival bundle around kasavu sarees and traditional wear with a digital-payment incentive,0.86,"Synthetic example: Onam demand in Thiruvananthapuram typically concentrates around 7-10 days before thiruvonam through the main day, with upi dominates quick purchases; cards used for higher-value orders; kasavu sarees and traditional wear is relevant to the selected merchant segment."
Onam,Thiruvonam; Onam Festival,Major regional cultural festival,Monsoon / August-September,10-day traditional festival; dates vary annually,Kerala; Malayali communities across India,Kochi,"Harvest and cultural festival associated with King Mahabali, family reunions and prosperity",Pookalam; Onam sadya; Vallam Kali; traditional dress; temple visits,Peak-hour walk-ins and quick digital orders increase,High,7-10 days before Thiruvonam through the main day,sweets: payasam and festive food,digital payments,restaurant,premium shoppers,Mixed cash and UPI; customers use QR payments at neighbourhood merchants,Buy-more-save-more on festive essentials,Higher loyalty points for UPI transactions,Geo-target Kochi customers with festival-specific messaging for payasam and festive food; start before the peak window.,Prioritize payasam and festive food; maintain safety stock and faster replenishment during peak days.,Add 1-2 sales/counter staff during peak hours,Coordinate supplier replenishment before peak days,Stockouts on fast-moving SKUs and late replenishment,Synthetic/example scenario: A restaurant in Kochi sees rising payasam and festive food demand from premium shoppers customers.,Use targeted local messaging in Kochi and promote payasam and festive food 5-7 days early,0.79,"Synthetic example: Onam demand in Kochi typically concentrates around 7-10 days before thiruvonam through the main day, with mixed cash and upi; customers use qr payments at neighbourhood merchants; payasam and festive food is relevant to the selected merchant segment."
Onam,Thiruvonam; Onam Festival,Major regional cultural festival,Monsoon / August-September,10-day traditional festival; dates vary annually,Kerala; Malayali communities across India,Kochi,"Harvest and cultural festival associated with King Mahabali, family reunions and prosperity",Pookalam; Onam sadya; Vallam Kali; traditional dress; temple visits,Customers compare prices and respond to bundles,High,7-10 days before Thiruvonam through the main day,electronics: home appliances,travel booking,electronics retailer,premium shoppers,Digital payments increase during peak hours; contactless/card usage for premium purchases,Buy-more-save-more on festive essentials,Free add-on for orders paid digitally,Geo-target Kochi customers with festival-specific messaging for home appliances; start before the peak window.,Prioritize home appliances; maintain safety stock and faster replenishment during peak days.,Add 1-2 sales/counter staff during peak hours,Coordinate supplier replenishment before peak days,Cash-handling and reconciliation issues during peak hours,Synthetic/example scenario: A electronics retailer in Kochi sees rising home appliances demand from premium shoppers customers.,Add temporary staff for peak hours and pre-book delivery capacity,0.92,"Synthetic example: Onam demand in Kochi typically concentrates around 7-10 days before thiruvonam through the main day, with digital payments increase during peak hours; contactless/card usage for premium purchases; home appliances is relevant to the selected merchant segment."
Gudi Padwa,Ugadi-related New Year season; Marathi New Year; Samvatsar Padvo,Regional New Year festival,Spring / March-April,Usually 1 main day; date varies annually,Maharashtra; Goa; parts of Karnataka and nearby regions,Pune,"Marathi New Year marked by auspicious beginnings, prosperity and household celebrations",Gudi hoisting; rangoli; traditional meals; family visits; new purchases,Bulk buying and family-oriented shopping increases,Very High,Early planning window; 10-15 days before festival,electronics: new appliances and phones,salon/beauty services,restaurant,families,Mixed cash and UPI; customers use QR payments at neighbourhood merchants,Festival bundle discount with minimum order value,Free add-on for orders paid digitally,Geo-target Pune customers with festival-specific messaging for new appliances and phones; start before the peak window.,Prioritize new appliances and phones; maintain safety stock and faster replenishment during peak days.,"Cross-train staff for billing, packing and customer support",Coordinate supplier replenishment before peak days,Stockouts on fast-moving SKUs and late replenishment,Synthetic/example scenario: A restaurant in Pune sees rising new appliances and phones demand from families customers.,Create a festival bundle around new appliances and phones with a digital-payment incentive,0.88,"Synthetic example: Gudi Padwa demand in Pune typically concentrates around early planning window; 10-15 days before festival, with high upi usage for small and medium tickets; cash remains relevant for local purchases; new appliances and phones is relevant to the selected merchant segment."
Gudi Padwa,Ugadi-related New Year season; Marathi New Year; Samvatsar Padvo,Regional New Year festival,Spring / March-April,Usually 1 main day; date varies annually,Maharashtra; Goa; parts of Karnataka and nearby regions,Mumbai,"Marathi New Year marked by auspicious beginnings, prosperity and household celebrations",Gudi hoisting; rangoli; traditional meals; family visits; new purchases,Customers compare prices and respond to bundles,High,3-7 days before Gudi Padwa and festival day,grocery: puran poli ingredients and festive groceries,salon/beauty services,sweet shop,premium shoppers,Mixed cash and UPI; customers use QR payments at neighbourhood merchants,Festival bundle discount with minimum order value,UPI cashback or merchant-funded QR incentive,Geo-target Mumbai customers with festival-specific messaging for puran poli ingredients and festive groceries; start before the peak window.,Prioritize puran poli ingredients and festive groceries; maintain safety stock and faster replenishment during peak days.,Add 1-2 sales/counter staff during peak hours,Coordinate supplier replenishment before peak days,Price competition and promotion margin pressure,Synthetic/example scenario: A sweet shop in Mumbai sees rising puran poli ingredients and festive groceries demand from premium shoppers customers.,Increase puran poli ingredients and festive groceries inventory by 20-35% and set a daily reorder threshold,0.96,"Synthetic example: Gudi Padwa demand in Mumbai typically concentrates around 3-7 days before gudi padwa and festival day, with upi dominates quick purchases; cards used for higher-value orders; puran poli ingredients and festive groceries is relevant to the selected merchant segment."
Gudi Padwa,Ugadi-related New Year season; Marathi New Year; Samvatsar Padvo,Regional New Year festival,Spring / March-April,Usually 1 main day; date varies annually,Maharashtra; Goa; parts of Karnataka and nearby regions,Kolhapur,"Marathi New Year marked by auspicious beginnings, prosperity and household celebrations",Gudi hoisting; rangoli; traditional meals; family visits; new purchases,Peak-hour walk-ins and quick digital orders increase,High,3-7 days before Gudi Padwa and festival day,home: gudi decor and rangoli items,decor installation,electronics retailer,tourists/travellers,High UPI usage for small and medium tickets; cash remains relevant for local purchases,Loyalty points or wallet cashback on repeat purchases,UPI cashback or merchant-funded QR incentive,Geo-target Kolhapur customers with festival-specific messaging for gudi decor and rangoli items; start before the peak window.,Prioritize gudi decor and rangoli items; maintain safety stock and faster replenishment during peak days.,Add packing and delivery staff for peak order windows,Coordinate supplier replenishment before peak days,Cash-handling and reconciliation issues during peak hours,Synthetic/example scenario: A electronics retailer in Kolhapur sees rising gudi decor and rangoli items demand from tourists/travellers customers.,Increase gudi decor and rangoli items inventory by 20-35% and set a daily reorder threshold,0.88,"Synthetic example: Gudi Padwa demand in Kolhapur typically concentrates around 3-7 days before gudi padwa and festival day, with mixed cash and upi; customers use qr payments at neighbourhood merchants; gudi decor and rangoli items is relevant to the selected merchant segment."
Gudi Padwa,Ugadi-related New Year season; Marathi New Year; Samvatsar Padvo,Regional New Year festival,Spring / March-April,Usually 1 main day; date varies annually,Maharashtra; Goa; parts of Karnataka and nearby regions,Pune,"Marathi New Year marked by auspicious beginnings, prosperity and household celebrations",Gudi hoisting; rangoli; traditional meals; family visits; new purchases,Advance purchases rise before the main ritual day,High,3-7 days before Gudi Padwa and festival day,jewellery: gold and silver jewellery,home delivery,fashion retailer,budget-conscious shoppers,UPI dominates quick purchases; cards used for higher-value orders,Festival bundle discount with minimum order value,Small instant discount for digital payment,Geo-target Pune customers with festival-specific messaging for gold and silver jewellery; start before the peak window.,Prioritize gold and silver jewellery; maintain safety stock and faster replenishment during peak days.,Add 1-2 sales/counter staff during peak hours,Coordinate supplier replenishment before peak days,Price competition and promotion margin pressure,Synthetic/example scenario: A fashion retailer in Pune sees rising gold and silver jewellery demand from budget-conscious shoppers customers.,Add temporary staff for peak hours and pre-book delivery capacity,0.84,"Synthetic example: Gudi Padwa demand in Pune typically concentrates around 3-7 days before gudi padwa and festival day, with digital payments increase during peak hours; contactless/card usage for premium purchases; gold and silver jewellery is relevant to the selected merchant segment."
Gudi Padwa,Ugadi-related New Year season; Marathi New Year; Samvatsar Padvo,Regional New Year festival,Spring / March-April,Usually 1 main day; date varies annually,Maharashtra; Goa; parts of Karnataka and nearby regions,Pune,"Marathi New Year marked by auspicious beginnings, prosperity and household celebrations",Gudi hoisting; rangoli; traditional meals; family visits; new purchases,Gift-oriented and convenience-driven purchases increase,High,3-7 days before Gudi Padwa and festival day,fashion: Marathi traditional wear and sarees,salon/beauty services,neighbourhood retailer,migrant households,Mixed cash and UPI; customers use QR payments at neighbourhood merchants,5-10% category discount during peak week,Free add-on for orders paid digitally,Geo-target Pune customers with festival-specific messaging for Marathi traditional wear and sarees; start before the peak window.,Prioritize Marathi traditional wear and sarees; maintain safety stock and faster replenishment during peak days.,Add packing and delivery staff for peak order windows,Increase last-mile capacity and packing material,Price competition and promotion margin pressure,Synthetic/example scenario: A neighbourhood retailer in Pune sees rising Marathi traditional wear and sarees demand from migrant households customers.,Add temporary staff for peak hours and pre-book delivery capacity,0.86,"Synthetic example: Gudi Padwa demand in Pune typically concentrates around 3-7 days before gudi padwa and festival day, with high upi usage for small and medium tickets; cash remains relevant for local purchases; Marathi traditional wear and sarees is relevant to the selected merchant segment."
Gudi Padwa,Ugadi-related New Year season; Marathi New Year; Samvatsar Padvo,Regional New Year festival,Spring / March-April,Usually 1 main day; date varies annually,Maharashtra; Goa; parts of Karnataka and nearby regions,Mumbai,"Marathi New Year marked by auspicious beginnings, prosperity and household celebrations",Gudi hoisting; rangoli; traditional meals; family visits; new purchases,Advance purchases rise before the main ritual day,High,3-7 days before Gudi Padwa and festival day,grocery: puran poli ingredients and festive groceries,home delivery,neighbourhood retailer,migrant households,UPI dominates quick purchases; cards used for higher-value orders,Festival bundle discount with minimum order value,Small instant discount for digital payment,Geo-target Mumbai customers with festival-specific messaging for puran poli ingredients and festive groceries; start before the peak window.,Prioritize puran poli ingredients and festive groceries; maintain safety stock and faster replenishment during peak days.,Add packing and delivery staff for peak order windows,Increase last-mile capacity and packing material,Cash-handling and reconciliation issues during peak hours,Synthetic/example scenario: A neighbourhood retailer in Mumbai sees rising puran poli ingredients and festive groceries demand from migrant households customers.,Increase puran poli ingredients and festive groceries inventory by 20-35% and set a daily reorder threshold,0.82,"Synthetic example: Gudi Padwa demand in Mumbai typically concentrates around 3-7 days before gudi padwa and festival day, with upi dominates quick purchases; cards used for higher-value orders; puran poli ingredients and festive groceries is relevant to the selected merchant segment."
Gudi Padwa,Ugadi-related New Year season; Marathi New Year; Samvatsar Padvo,Regional New Year festival,Spring / March-April,Usually 1 main day; date varies annually,Maharashtra; Goa; parts of Karnataka and nearby regions,Mumbai,"Marathi New Year marked by auspicious beginnings, prosperity and household celebrations",Gudi hoisting; rangoli; traditional meals; family visits; new purchases,Gift-oriented and convenience-driven purchases increase,High,3-7 days before Gudi Padwa and festival day,electronics: new appliances and phones,gift delivery,fashion retailer,budget-conscious shoppers,UPI dominates quick purchases; cards used for higher-value orders,Festival bundle discount with minimum order value,Free add-on for orders paid digitally,Geo-target Mumbai customers with festival-specific messaging for new appliances and phones; start before the peak window.,Prioritize new appliances and phones; maintain safety stock and faster replenishment during peak days.,Add 1-2 sales/counter staff during peak hours,Pre-book local delivery slots and optimize routes,Stockouts on fast-moving SKUs and late replenishment,Synthetic/example scenario: A fashion retailer in Mumbai sees rising new appliances and phones demand from budget-conscious shoppers customers.,Use targeted local messaging in Mumbai and promote new appliances and phones 5-7 days early,0.94,"Synthetic example: Gudi Padwa demand in Mumbai typically concentrates around 3-7 days before gudi padwa and festival day, with mixed cash and upi; customers use qr payments at neighbourhood merchants; new appliances and phones is relevant to the selected merchant segment."
Gudi Padwa,Ugadi-related New Year season; Marathi New Year; Samvatsar Padvo,Regional New Year festival,Spring / March-April,Usually 1 main day; date varies annually,Maharashtra; Goa; parts of Karnataka and nearby regions,Mumbai,"Marathi New Year marked by auspicious beginnings, prosperity and household celebrations",Gudi hoisting; rangoli; traditional meals; family visits; new purchases,Bulk buying and family-oriented shopping increases,High,3-7 days before Gudi Padwa and festival day,fashion: Marathi traditional wear and sarees,gift delivery,grocery store,premium shoppers,Mixed cash and UPI; customers use QR payments at neighbourhood merchants,Festival bundle discount with minimum order value,UPI cashback or merchant-funded QR incentive,Geo-target Mumbai customers with festival-specific messaging for Marathi traditional wear and sarees; start before the peak window.,Prioritize Marathi traditional wear and sarees; maintain safety stock and faster replenishment during peak days.,Add 1-2 sales/counter staff during peak hours,Pre-book local delivery slots and optimize routes,Demand spikes causing queueing and delivery delays,Synthetic/example scenario: A grocery store in Mumbai sees rising Marathi traditional wear and sarees demand from premium shoppers customers.,Use targeted local messaging in Mumbai and promote Marathi traditional wear and sarees 5-7 days early,0.85,"Synthetic example: Gudi Padwa demand in Mumbai typically concentrates around 3-7 days before gudi padwa and festival day, with digital payments increase during peak hours; contactless/card usage for premium purchases; Marathi traditional wear and sarees is relevant to the selected merchant segment."
Gudi Padwa,Ugadi-related New Year season; Marathi New Year; Samvatsar Padvo,Regional New Year festival,Spring / March-April,Usually 1 main day; date varies annually,Maharashtra; Goa; parts of Karnataka and nearby regions,Nagpur,"Marathi New Year marked by auspicious beginnings, prosperity and household celebrations",Gudi hoisting; rangoli; traditional meals; family visits; new purchases,Bulk buying and family-oriented shopping increases,High,3-7 days before Gudi Padwa and festival day,sweets: shrikhand and festive sweets,home delivery,restaurant,young adults,UPI dominates quick purchases; cards used for higher-value orders,Loyalty points or wallet cashback on repeat purchases,Free add-on for orders paid digitally,Geo-target Nagpur customers with festival-specific messaging for shrikhand and festive sweets; start before the peak window.,Prioritize shrikhand and festive sweets; maintain safety stock and faster replenishment during peak days.,"Cross-train staff for billing, packing and customer support",Increase last-mile capacity and packing material,Stockouts on fast-moving SKUs and late replenishment,Synthetic/example scenario: A restaurant in Nagpur sees rising shrikhand and festive sweets demand from young adults customers.,Increase shrikhand and festive sweets inventory by 20-35% and set a daily reorder threshold,0.96,"Synthetic example: Gudi Padwa demand in Nagpur typically concentrates around 3-7 days before gudi padwa and festival day, with high upi usage for small and medium tickets; cash remains relevant for local purchases; shrikhand and festive sweets is relevant to the selected merchant segment."
Gudi Padwa,Ugadi-related New Year season; Marathi New Year; Samvatsar Padvo,Regional New Year festival,Spring / March-April,Usually 1 main day; date varies annually,Maharashtra; Goa; parts of Karnataka and nearby regions,Mumbai,"Marathi New Year marked by auspicious beginnings, prosperity and household celebrations",Gudi hoisting; rangoli; traditional meals; family visits; new purchases,Advance purchases rise before the main ritual day,High,3-7 days before Gudi Padwa and festival day,home: gudi decor and rangoli items,gift delivery,jewellery store,office-goers,Mixed cash and UPI; customers use QR payments at neighbourhood merchants,Free delivery above a threshold,Small instant discount for digital payment,Geo-target Mumbai customers with festival-specific messaging for gudi decor and rangoli items; start before the peak window.,Prioritize gudi decor and rangoli items; maintain safety stock and faster replenishment during peak days.,Add 1-2 sales/counter staff during peak hours,Coordinate supplier replenishment before peak days,Unsold seasonal inventory after the festival,Synthetic/example scenario: A jewellery store in Mumbai sees rising gudi decor and rangoli items demand from office-goers customers.,Create a festival bundle around gudi decor and rangoli items with a digital-payment incentive,0.95,"Synthetic example: Gudi Padwa demand in Mumbai typically concentrates around 3-7 days before gudi padwa and festival day, with upi dominates quick purchases; cards used for higher-value orders; gudi decor and rangoli items is relevant to the selected merchant segment."
Gudi Padwa,Ugadi-related New Year season; Marathi New Year; Samvatsar Padvo,Regional New Year festival,Spring / March-April,Usually 1 main day; date varies annually,Maharashtra; Goa; parts of Karnataka and nearby regions,Thane,"Marathi New Year marked by auspicious beginnings, prosperity and household celebrations",Gudi hoisting; rangoli; traditional meals; family visits; new purchases,Bulk buying and family-oriented shopping increases,Very High,3-7 days before Gudi Padwa and festival day,electronics: new appliances and phones,salon/beauty services,sweet shop,budget-conscious shoppers,Mixed cash and UPI; customers use QR payments at neighbourhood merchants,Free delivery above a threshold,Small instant discount for digital payment,Geo-target Thane customers with festival-specific messaging for new appliances and phones; start before the peak window.,Prioritize new appliances and phones; maintain safety stock and faster replenishment during peak days.,Add packing and delivery staff for peak order windows,Pre-book local delivery slots and optimize routes,Price competition and promotion margin pressure,Synthetic/example scenario: A sweet shop in Thane sees rising new appliances and phones demand from budget-conscious shoppers customers.,Offer a minimum-order free-delivery threshold and track hourly demand,0.87,"Synthetic example: Gudi Padwa demand in Thane typically concentrates around 3-7 days before gudi padwa and festival day, with mixed cash and upi; customers use qr payments at neighbourhood merchants; new appliances and phones is relevant to the selected merchant segment."
Gudi Padwa,Ugadi-related New Year season; Marathi New Year; Samvatsar Padvo,Regional New Year festival,Spring / March-April,Usually 1 main day; date varies annually,Maharashtra; Goa; parts of Karnataka and nearby regions,Thane,"Marathi New Year marked by auspicious beginnings, prosperity and household celebrations",Gudi hoisting; rangoli; traditional meals; family visits; new purchases,Peak-hour walk-ins and quick digital orders increase,High,3-7 days before Gudi Padwa and festival day,sweets: shrikhand and festive sweets,salon/beauty services,sweet shop,families,Mixed cash and UPI; customers use QR payments at neighbourhood merchants,Loyalty points or wallet cashback on repeat purchases,Higher loyalty points for UPI transactions,Geo-target Thane customers with festival-specific messaging for shrikhand and festive sweets; start before the peak window.,Prioritize shrikhand and festive sweets; maintain safety stock and faster replenishment during peak days.,Add packing and delivery staff for peak order windows,Increase last-mile capacity and packing material,Unsold seasonal inventory after the festival,Synthetic/example scenario: A sweet shop in Thane sees rising shrikhand and festive sweets demand from families customers.,Use targeted local messaging in Thane and promote shrikhand and festive sweets 5-7 days early,0.88,"Synthetic example: Gudi Padwa demand in Thane typically concentrates around 3-7 days before gudi padwa and festival day, with digital payments increase during peak hours; contactless/card usage for premium purchases; shrikhand and festive sweets is relevant to the selected merchant segment."
Gudi Padwa,Ugadi-related New Year season; Marathi New Year; Samvatsar Padvo,Regional New Year festival,Spring / March-April,Usually 1 main day; date varies annually,Maharashtra; Goa; parts of Karnataka and nearby regions,Mumbai,"Marathi New Year marked by auspicious beginnings, prosperity and household celebrations",Gudi hoisting; rangoli; traditional meals; family visits; new purchases,Peak-hour walk-ins and quick digital orders increase,High,3-7 days before Gudi Padwa and festival day,jewellery: gold and silver jewellery,decor installation,electronics retailer,premium shoppers,Mixed cash and UPI; customers use QR payments at neighbourhood merchants,Loyalty points or wallet cashback on repeat purchases,Small instant discount for digital payment,Geo-target Mumbai customers with festival-specific messaging for gold and silver jewellery; start before the peak window.,Prioritize gold and silver jewellery; maintain safety stock and faster replenishment during peak days.,Add 1-2 sales/counter staff during peak hours,Pre-book local delivery slots and optimize routes,Unsold seasonal inventory after the festival,Synthetic/example scenario: A electronics retailer in Mumbai sees rising gold and silver jewellery demand from premium shoppers customers.,Increase gold and silver jewellery inventory by 20-35% and set a daily reorder threshold,0.93,"Synthetic example: Gudi Padwa demand in Mumbai typically concentrates around 3-7 days before gudi padwa and festival day, with high upi usage for small and medium tickets; cash remains relevant for local purchases; gold and silver jewellery is relevant to the selected merchant segment."
Gudi Padwa,Ugadi-related New Year season; Marathi New Year; Samvatsar Padvo,Regional New Year festival,Spring / March-April,Usually 1 main day; date varies annually,Maharashtra; Goa; parts of Karnataka and nearby regions,Kolhapur,"Marathi New Year marked by auspicious beginnings, prosperity and household celebrations",Gudi hoisting; rangoli; traditional meals; family visits; new purchases,Peak-hour walk-ins and quick digital orders increase,High,Early planning window; 10-15 days before festival,jewellery: gold and silver jewellery,digital payments,sweet shop,budget-conscious shoppers,Mixed cash and UPI; customers use QR payments at neighbourhood merchants,5-10% category discount during peak week,Small instant discount for digital payment,Geo-target Kolhapur customers with festival-specific messaging for gold and silver jewellery; start before the peak window.,Prioritize gold and silver jewellery; maintain safety stock and faster replenishment during peak days.,Add 1-2 sales/counter staff during peak hours,Coordinate supplier replenishment before peak days,Stockouts on fast-moving SKUs and late replenishment,Synthetic/example scenario: A sweet shop in Kolhapur sees rising gold and silver jewellery demand from budget-conscious shoppers customers.,Create a festival bundle around gold and silver jewellery with a digital-payment incentive,0.89,"Synthetic example: Gudi Padwa demand in Kolhapur typically concentrates around early planning window; 10-15 days before festival, with upi dominates quick purchases; cards used for higher-value orders; gold and silver jewellery is relevant to the selected merchant segment."
Gudi Padwa,Ugadi-related New Year season; Marathi New Year; Samvatsar Padvo,Regional New Year festival,Spring / March-April,Usually 1 main day; date varies annually,Maharashtra; Goa; parts of Karnataka and nearby regions,Kolhapur,"Marathi New Year marked by auspicious beginnings, prosperity and household celebrations",Gudi hoisting; rangoli; traditional meals; family visits; new purchases,Customers compare prices and respond to bundles,High,3-7 days before Gudi Padwa and festival day,grocery: puran poli ingredients and festive groceries,home delivery,electronics retailer,families,Digital payments increase during peak hours; contactless/card usage for premium purchases,Loyalty points or wallet cashback on repeat purchases,Higher loyalty points for UPI transactions,Geo-target Kolhapur customers with festival-specific messaging for puran poli ingredients and festive groceries; start before the peak window.,Prioritize puran poli ingredients and festive groceries; maintain safety stock and faster replenishment during peak days.,Add 1-2 sales/counter staff during peak hours,Increase last-mile capacity and packing material,Cash-handling and reconciliation issues during peak hours,Synthetic/example scenario: A electronics retailer in Kolhapur sees rising puran poli ingredients and festive groceries demand from families customers.,Offer a minimum-order free-delivery threshold and track hourly demand,0.81,"Synthetic example: Gudi Padwa demand in Kolhapur typically concentrates around 3-7 days before gudi padwa and festival day, with mixed cash and upi; customers use qr payments at neighbourhood merchants; puran poli ingredients and festive groceries is relevant to the selected merchant segment."
Gudi Padwa,Ugadi-related New Year season; Marathi New Year; Samvatsar Padvo,Regional New Year festival,Spring / March-April,Usually 1 main day; date varies annually,Maharashtra; Goa; parts of Karnataka and nearby regions,Mumbai,"Marathi New Year marked by auspicious beginnings, prosperity and household celebrations",Gudi hoisting; rangoli; traditional meals; family visits; new purchases,Bulk buying and family-oriented shopping increases,High,3-7 days before Gudi Padwa and festival day,fashion: Marathi traditional wear and sarees,digital payments,grocery store,premium shoppers,Mixed cash and UPI; customers use QR payments at neighbourhood merchants,Loyalty points or wallet cashback on repeat purchases,Small instant discount for digital payment,Geo-target Mumbai customers with festival-specific messaging for Marathi traditional wear and sarees; start before the peak window.,Prioritize Marathi traditional wear and sarees; maintain safety stock and faster replenishment during peak days.,Add 1-2 sales/counter staff during peak hours,Increase last-mile capacity and packing material,Demand spikes causing queueing and delivery delays,Synthetic/example scenario: A grocery store in Mumbai sees rising Marathi traditional wear and sarees demand from premium shoppers customers.,Increase Marathi traditional wear and sarees inventory by 20-35% and set a daily reorder threshold,0.88,"Synthetic example: Gudi Padwa demand in Mumbai typically concentrates around 3-7 days before gudi padwa and festival day, with digital payments increase during peak hours; contactless/card usage for premium purchases; Marathi traditional wear and sarees is relevant to the selected merchant segment."
Gudi Padwa,Ugadi-related New Year season; Marathi New Year; Samvatsar Padvo,Regional New Year festival,Spring / March-April,Usually 1 main day; date varies annually,Maharashtra; Goa; parts of Karnataka and nearby regions,Pune,"Marathi New Year marked by auspicious beginnings, prosperity and household celebrations",Gudi hoisting; rangoli; traditional meals; family visits; new purchases,Customers compare prices and respond to bundles,High,3-7 days before Gudi Padwa and festival day,sweets: shrikhand and festive sweets,decor installation,electronics retailer,families,High UPI usage for small and medium tickets; cash remains relevant for local purchases,Loyalty points or wallet cashback on repeat purchases,Higher loyalty points for UPI transactions,Geo-target Pune customers with festival-specific messaging for shrikhand and festive sweets; start before the peak window.,Prioritize shrikhand and festive sweets; maintain safety stock and faster replenishment during peak days.,Add 1-2 sales/counter staff during peak hours,Increase last-mile capacity and packing material,Demand spikes causing queueing and delivery delays,Synthetic/example scenario: A electronics retailer in Pune sees rising shrikhand and festive sweets demand from families customers.,Offer a minimum-order free-delivery threshold and track hourly demand,0.91,"Synthetic example: Gudi Padwa demand in Pune typically concentrates around 3-7 days before gudi padwa and festival day, with high upi usage for small and medium tickets; cash remains relevant for local purchases; shrikhand and festive sweets is relevant to the selected merchant segment."
Gudi Padwa,Ugadi-related New Year season; Marathi New Year; Samvatsar Padvo,Regional New Year festival,Spring / March-April,Usually 1 main day; date varies annually,Maharashtra; Goa; parts of Karnataka and nearby regions,Kolhapur,"Marathi New Year marked by auspicious beginnings, prosperity and household celebrations",Gudi hoisting; rangoli; traditional meals; family visits; new purchases,Customers compare prices and respond to bundles,High,3-7 days before Gudi Padwa and festival day,sweets: shrikhand and festive sweets,home delivery,jewellery store,young adults,Digital payments increase during peak hours; contactless/card usage for premium purchases,Free delivery above a threshold,Higher loyalty points for UPI transactions,Geo-target Kolhapur customers with festival-specific messaging for shrikhand and festive sweets; start before the peak window.,Prioritize shrikhand and festive sweets; maintain safety stock and faster replenishment during peak days.,Add 1-2 sales/counter staff during peak hours,Coordinate supplier replenishment before peak days,Unsold seasonal inventory after the festival,Synthetic/example scenario: A jewellery store in Kolhapur sees rising shrikhand and festive sweets demand from young adults customers.,Add temporary staff for peak hours and pre-book delivery capacity,0.81,"Synthetic example: Gudi Padwa demand in Kolhapur typically concentrates around 3-7 days before gudi padwa and festival day, with upi dominates quick purchases; cards used for higher-value orders; shrikhand and festive sweets is relevant to the selected merchant segment."
Gudi Padwa,Ugadi-related New Year season; Marathi New Year; Samvatsar Padvo,Regional New Year festival,Spring / March-April,Usually 1 main day; date varies annually,Maharashtra; Goa; parts of Karnataka and nearby regions,Kolhapur,"Marathi New Year marked by auspicious beginnings, prosperity and household celebrations",Gudi hoisting; rangoli; traditional meals; family visits; new purchases,Advance purchases rise before the main ritual day,High,3-7 days before Gudi Padwa and festival day,electronics: new appliances and phones,gift delivery,delivery merchant,local communities,UPI dominates quick purchases; cards used for higher-value orders,5-10% category discount during peak week,UPI cashback or merchant-funded QR incentive,Geo-target Kolhapur customers with festival-specific messaging for new appliances and phones; start before the peak window.,Prioritize new appliances and phones; maintain safety stock and faster replenishment during peak days.,"Cross-train staff for billing, packing and customer support",Coordinate supplier replenishment before peak days,Cash-handling and reconciliation issues during peak hours,Synthetic/example scenario: A delivery merchant in Kolhapur sees rising new appliances and phones demand from local communities customers.,Create a festival bundle around new appliances and phones with a digital-payment incentive,0.85,"Synthetic example: Gudi Padwa demand in Kolhapur typically concentrates around 3-7 days before gudi padwa and festival day, with mixed cash and upi; customers use qr payments at neighbourhood merchants; new appliances and phones is relevant to the selected merchant segment."
Gudi Padwa,Ugadi-related New Year season; Marathi New Year; Samvatsar Padvo,Regional New Year festival,Spring / March-April,Usually 1 main day; date varies annually,Maharashtra; Goa; parts of Karnataka and nearby regions,Thane,"Marathi New Year marked by auspicious beginnings, prosperity and household celebrations",Gudi hoisting; rangoli; traditional meals; family visits; new purchases,Gift-oriented and convenience-driven purchases increase,High,3-7 days before Gudi Padwa and festival day,home: gudi decor and rangoli items,digital payments,grocery store,migrant households,High UPI usage for small and medium tickets; cash remains relevant for local purchases,Free delivery above a threshold,Small instant discount for digital payment,Geo-target Thane customers with festival-specific messaging for gudi decor and rangoli items; start before the peak window.,Prioritize gudi decor and rangoli items; maintain safety stock and faster replenishment during peak days.,Add packing and delivery staff for peak order windows,Coordinate supplier replenishment before peak days,Unsold seasonal inventory after the festival,Synthetic/example scenario: A grocery store in Thane sees rising gudi decor and rangoli items demand from migrant households customers.,Offer a minimum-order free-delivery threshold and track hourly demand,0.82,"Synthetic example: Gudi Padwa demand in Thane typically concentrates around 3-7 days before gudi padwa and festival day, with digital payments increase during peak hours; contactless/card usage for premium purchases; gudi decor and rangoli items is relevant to the selected merchant segment."
Gudi Padwa,Ugadi-related New Year season; Marathi New Year; Samvatsar Padvo,Regional New Year festival,Spring / March-April,Usually 1 main day; date varies annually,Maharashtra; Goa; parts of Karnataka and nearby regions,Pune,"Marathi New Year marked by auspicious beginnings, prosperity and household celebrations",Gudi hoisting; rangoli; traditional meals; family visits; new purchases,Advance purchases rise before the main ritual day,Very High,3-7 days before Gudi Padwa and festival day,fashion: Marathi traditional wear and sarees,gift delivery,electronics retailer,local communities,UPI dominates quick purchases; cards used for higher-value orders,5-10% category discount during peak week,UPI cashback or merchant-funded QR incentive,Geo-target Pune customers with festival-specific messaging for Marathi traditional wear and sarees; start before the peak window.,Prioritize Marathi traditional wear and sarees; maintain safety stock and faster replenishment during peak days.,Add packing and delivery staff for peak order windows,Increase last-mile capacity and packing material,Stockouts on fast-moving SKUs and late replenishment,Synthetic/example scenario: A electronics retailer in Pune sees rising Marathi traditional wear and sarees demand from local communities customers.,Add temporary staff for peak hours and pre-book delivery capacity,0.86,"Synthetic example: Gudi Padwa demand in Pune typically concentrates around 3-7 days before gudi padwa and festival day, with high upi usage for small and medium tickets; cash remains relevant for local purchases; Marathi traditional wear and sarees is relevant to the selected merchant segment."
Gudi Padwa,Ugadi-related New Year season; Marathi New Year; Samvatsar Padvo,Regional New Year festival,Spring / March-April,Usually 1 main day; date varies annually,Maharashtra; Goa; parts of Karnataka and nearby regions,Kolhapur,"Marathi New Year marked by auspicious beginnings, prosperity and household celebrations",Gudi hoisting; rangoli; traditional meals; family visits; new purchases,Peak-hour walk-ins and quick digital orders increase,High,3-7 days before Gudi Padwa and festival day,fashion: Marathi traditional wear and sarees,salon/beauty services,grocery store,families,Digital payments increase during peak hours; contactless/card usage for premium purchases,Free delivery above a threshold,Higher loyalty points for UPI transactions,Geo-target Kolhapur customers with festival-specific messaging for Marathi traditional wear and sarees; start before the peak window.,Prioritize Marathi traditional wear and sarees; maintain safety stock and faster replenishment during peak days.,"Cross-train staff for billing, packing and customer support",Increase last-mile capacity and packing material,Price competition and promotion margin pressure,Synthetic/example scenario: A grocery store in Kolhapur sees rising Marathi traditional wear and sarees demand from families customers.,Use targeted local messaging in Kolhapur and promote Marathi traditional wear and sarees 5-7 days early,0.96,"Synthetic example: Gudi Padwa demand in Kolhapur typically concentrates around 3-7 days before gudi padwa and festival day, with upi dominates quick purchases; cards used for higher-value orders; Marathi traditional wear and sarees is relevant to the selected merchant segment."
Gudi Padwa,Ugadi-related New Year season; Marathi New Year; Samvatsar Padvo,Regional New Year festival,Spring / March-April,Usually 1 main day; date varies annually,Maharashtra; Goa; parts of Karnataka and nearby regions,Nagpur,"Marathi New Year marked by auspicious beginnings, prosperity and household celebrations",Gudi hoisting; rangoli; traditional meals; family visits; new purchases,Bulk buying and family-oriented shopping increases,High,3-7 days before Gudi Padwa and festival day,fashion: Marathi traditional wear and sarees,gift delivery,delivery merchant,premium shoppers,Mixed cash and UPI; customers use QR payments at neighbourhood merchants,Festival bundle discount with minimum order value,Higher loyalty points for UPI transactions,Geo-target Nagpur customers with festival-specific messaging for Marathi traditional wear and sarees; start before the peak window.,Prioritize Marathi traditional wear and sarees; maintain safety stock and faster replenishment during peak days.,Add packing and delivery staff for peak order windows,Pre-book local delivery slots and optimize routes,Price competition and promotion margin pressure,Synthetic/example scenario: A delivery merchant in Nagpur sees rising Marathi traditional wear and sarees demand from premium shoppers customers.,Increase Marathi traditional wear and sarees inventory by 20-35% and set a daily reorder threshold,0.93,"Synthetic example: Gudi Padwa demand in Nagpur typically concentrates around 3-7 days before gudi padwa and festival day, with mixed cash and upi; customers use qr payments at neighbourhood merchants; Marathi traditional wear and sarees is relevant to the selected merchant segment."
Gudi Padwa,Ugadi-related New Year season; Marathi New Year; Samvatsar Padvo,Regional New Year festival,Spring / March-April,Usually 1 main day; date varies annually,Maharashtra; Goa; parts of Karnataka and nearby regions,Nashik,"Marathi New Year marked by auspicious beginnings, prosperity and household celebrations",Gudi hoisting; rangoli; traditional meals; family visits; new purchases,Bulk buying and family-oriented shopping increases,High,3-7 days before Gudi Padwa and festival day,fashion: Marathi traditional wear and sarees,gift delivery,restaurant,office-goers,Mixed cash and UPI; customers use QR payments at neighbourhood merchants,Loyalty points or wallet cashback on repeat purchases,Free add-on for orders paid digitally,Geo-target Nashik customers with festival-specific messaging for Marathi traditional wear and sarees; start before the peak window.,Prioritize Marathi traditional wear and sarees; maintain safety stock and faster replenishment during peak days.,"Cross-train staff for billing, packing and customer support",Pre-book local delivery slots and optimize routes,Stockouts on fast-moving SKUs and late replenishment,Synthetic/example scenario: A restaurant in Nashik sees rising Marathi traditional wear and sarees demand from office-goers customers.,Offer a minimum-order free-delivery threshold and track hourly demand,0.96,"Synthetic example: Gudi Padwa demand in Nashik typically concentrates around 3-7 days before gudi padwa and festival day, with digital payments increase during peak hours; contactless/card usage for premium purchases; Marathi traditional wear and sarees is relevant to the selected merchant segment."
Gudi Padwa,Ugadi-related New Year season; Marathi New Year; Samvatsar Padvo,Regional New Year festival,Spring / March-April,Usually 1 main day; date varies annually,Maharashtra; Goa; parts of Karnataka and nearby regions,Kolhapur,"Marathi New Year marked by auspicious beginnings, prosperity and household celebrations",Gudi hoisting; rangoli; traditional meals; family visits; new purchases,Customers compare prices and respond to bundles,High,3-7 days before Gudi Padwa and festival day,home: gudi decor and rangoli items,gift delivery,restaurant,office-goers,Digital payments increase during peak hours; contactless/card usage for premium purchases,Loyalty points or wallet cashback on repeat purchases,Higher loyalty points for UPI transactions,Geo-target Kolhapur customers with festival-specific messaging for gudi decor and rangoli items; start before the peak window.,Prioritize gudi decor and rangoli items; maintain safety stock and faster replenishment during peak days.,"Cross-train staff for billing, packing and customer support",Increase last-mile capacity and packing material,Stockouts on fast-moving SKUs and late replenishment,Synthetic/example scenario: A restaurant in Kolhapur sees rising gudi decor and rangoli items demand from office-goers customers.,Increase gudi decor and rangoli items inventory by 20-35% and set a daily reorder threshold,0.84,"Synthetic example: Gudi Padwa demand in Kolhapur typically concentrates around 3-7 days before gudi padwa and festival day, with high upi usage for small and medium tickets; cash remains relevant for local purchases; gudi decor and rangoli items is relevant to the selected merchant segment."
Gudi Padwa,Ugadi-related New Year season; Marathi New Year; Samvatsar Padvo,Regional New Year festival,Spring / March-April,Usually 1 main day; date varies annually,Maharashtra; Goa; parts of Karnataka and nearby regions,Pune,"Marathi New Year marked by auspicious beginnings, prosperity and household celebrations",Gudi hoisting; rangoli; traditional meals; family visits; new purchases,Customers compare prices and respond to bundles,High,3-7 days before Gudi Padwa and festival day,grocery: puran poli ingredients and festive groceries,salon/beauty services,neighbourhood retailer,families,High UPI usage for small and medium tickets; cash remains relevant for local purchases,Buy-more-save-more on festive essentials,UPI cashback or merchant-funded QR incentive,Geo-target Pune customers with festival-specific messaging for puran poli ingredients and festive groceries; start before the peak window.,Prioritize puran poli ingredients and festive groceries; maintain safety stock and faster replenishment during peak days.,Add packing and delivery staff for peak order windows,Pre-book local delivery slots and optimize routes,Cash-handling and reconciliation issues during peak hours,Synthetic/example scenario: A neighbourhood retailer in Pune sees rising puran poli ingredients and festive groceries demand from families customers.,Offer a minimum-order free-delivery threshold and track hourly demand,0.94,"Synthetic example: Gudi Padwa demand in Pune typically concentrates around 3-7 days before gudi padwa and festival day, with upi dominates quick purchases; cards used for higher-value orders; puran poli ingredients and festive groceries is relevant to the selected merchant segment."
Gudi Padwa,Ugadi-related New Year season; Marathi New Year; Samvatsar Padvo,Regional New Year festival,Spring / March-April,Usually 1 main day; date varies annually,Maharashtra; Goa; parts of Karnataka and nearby regions,Kolhapur,"Marathi New Year marked by auspicious beginnings, prosperity and household celebrations",Gudi hoisting; rangoli; traditional meals; family visits; new purchases,Advance purchases rise before the main ritual day,High,Early planning window; 10-15 days before festival,grocery: puran poli ingredients and festive groceries,gift delivery,delivery merchant,tourists/travellers,High UPI usage for small and medium tickets; cash remains relevant for local purchases,Free delivery above a threshold,UPI cashback or merchant-funded QR incentive,Geo-target Kolhapur customers with festival-specific messaging for puran poli ingredients and festive groceries; start before the peak window.,Prioritize puran poli ingredients and festive groceries; maintain safety stock and faster replenishment during peak days.,Add packing and delivery staff for peak order windows,Increase last-mile capacity and packing material,Stockouts on fast-moving SKUs and late replenishment,Synthetic/example scenario: A delivery merchant in Kolhapur sees rising puran poli ingredients and festive groceries demand from tourists/travellers customers.,Increase puran poli ingredients and festive groceries inventory by 20-35% and set a daily reorder threshold,0.82,"Synthetic example: Gudi Padwa demand in Kolhapur typically concentrates around early planning window; 10-15 days before festival, with mixed cash and upi; customers use qr payments at neighbourhood merchants; puran poli ingredients and festive groceries is relevant to the selected merchant segment."
Gudi Padwa,Ugadi-related New Year season; Marathi New Year; Samvatsar Padvo,Regional New Year festival,Spring / March-April,Usually 1 main day; date varies annually,Maharashtra; Goa; parts of Karnataka and nearby regions,Nagpur,"Marathi New Year marked by auspicious beginnings, prosperity and household celebrations",Gudi hoisting; rangoli; traditional meals; family visits; new purchases,Peak-hour walk-ins and quick digital orders increase,High,3-7 days before Gudi Padwa and festival day,home: gudi decor and rangoli items,digital payments,fashion retailer,young adults,Mixed cash and UPI; customers use QR payments at neighbourhood merchants,5-10% category discount during peak week,Free add-on for orders paid digitally,Geo-target Nagpur customers with festival-specific messaging for gudi decor and rangoli items; start before the peak window.,Prioritize gudi decor and rangoli items; maintain safety stock and faster replenishment during peak days.,Add 1-2 sales/counter staff during peak hours,Increase last-mile capacity and packing material,Price competition and promotion margin pressure,Synthetic/example scenario: A fashion retailer in Nagpur sees rising gudi decor and rangoli items demand from young adults customers.,Create a festival bundle around gudi decor and rangoli items with a digital-payment incentive,0.85,"Synthetic example: Gudi Padwa demand in Nagpur typically concentrates around 3-7 days before gudi padwa and festival day, with digital payments increase during peak hours; contactless/card usage for premium purchases; gudi decor and rangoli items is relevant to the selected merchant segment."
Gudi Padwa,Ugadi-related New Year season; Marathi New Year; Samvatsar Padvo,Regional New Year festival,Spring / March-April,Usually 1 main day; date varies annually,Maharashtra; Goa; parts of Karnataka and nearby regions,Nagpur,"Marathi New Year marked by auspicious beginnings, prosperity and household celebrations",Gudi hoisting; rangoli; traditional meals; family visits; new purchases,Bulk buying and family-oriented shopping increases,High,3-7 days before Gudi Padwa and festival day,home: gudi decor and rangoli items,home delivery,fashion retailer,premium shoppers,High UPI usage for small and medium tickets; cash remains relevant for local purchases,Buy-more-save-more on festive essentials,Free add-on for orders paid digitally,Geo-target Nagpur customers with festival-specific messaging for gudi decor and rangoli items; start before the peak window.,Prioritize gudi decor and rangoli items; maintain safety stock and faster replenishment during peak days.,"Cross-train staff for billing, packing and customer support",Pre-book local delivery slots and optimize routes,Cash-handling and reconciliation issues during peak hours,Synthetic/example scenario: A fashion retailer in Nagpur sees rising gudi decor and rangoli items demand from premium shoppers customers.,Increase gudi decor and rangoli items inventory by 20-35% and set a daily reorder threshold,0.81,"Synthetic example: Gudi Padwa demand in Nagpur typically concentrates around 3-7 days before gudi padwa and festival day, with high upi usage for small and medium tickets; cash remains relevant for local purchases; gudi decor and rangoli items is relevant to the selected merchant segment."
Gudi Padwa,Ugadi-related New Year season; Marathi New Year; Samvatsar Padvo,Regional New Year festival,Spring / March-April,Usually 1 main day; date varies annually,Maharashtra; Goa; parts of Karnataka and nearby regions,Mumbai,"Marathi New Year marked by auspicious beginnings, prosperity and household celebrations",Gudi hoisting; rangoli; traditional meals; family visits; new purchases,Peak-hour walk-ins and quick digital orders increase,High,3-7 days before Gudi Padwa and festival day,electronics: new appliances and phones,digital payments,jewellery store,office-goers,Mixed cash and UPI; customers use QR payments at neighbourhood merchants,Festival bundle discount with minimum order value,Free add-on for orders paid digitally,Geo-target Mumbai customers with festival-specific messaging for new appliances and phones; start before the peak window.,Prioritize new appliances and phones; maintain safety stock and faster replenishment during peak days.,"Cross-train staff for billing, packing and customer support",Pre-book local delivery slots and optimize routes,Price competition and promotion margin pressure,Synthetic/example scenario: A jewellery store in Mumbai sees rising new appliances and phones demand from office-goers customers.,Offer a minimum-order free-delivery threshold and track hourly demand,0.95,"Synthetic example: Gudi Padwa demand in Mumbai typically concentrates around 3-7 days before gudi padwa and festival day, with upi dominates quick purchases; cards used for higher-value orders; new appliances and phones is relevant to the selected merchant segment."
Gudi Padwa,Ugadi-related New Year season; Marathi New Year; Samvatsar Padvo,Regional New Year festival,Spring / March-April,Usually 1 main day; date varies annually,Maharashtra; Goa; parts of Karnataka and nearby regions,Thane,"Marathi New Year marked by auspicious beginnings, prosperity and household celebrations",Gudi hoisting; rangoli; traditional meals; family visits; new purchases,Customers compare prices and respond to bundles,Very High,3-7 days before Gudi Padwa and festival day,electronics: new appliances and phones,decor installation,home-services provider,migrant households,UPI dominates quick purchases; cards used for higher-value orders,5-10% category discount during peak week,Small instant discount for digital payment,Geo-target Thane customers with festival-specific messaging for new appliances and phones; start before the peak window.,Prioritize new appliances and phones; maintain safety stock and faster replenishment during peak days.,Add 1-2 sales/counter staff during peak hours,Increase last-mile capacity and packing material,Price competition and promotion margin pressure,Synthetic/example scenario: A home-services provider in Thane sees rising new appliances and phones demand from migrant households customers.,Create a festival bundle around new appliances and phones with a digital-payment incentive,0.96,"Synthetic example: Gudi Padwa demand in Thane typically concentrates around 3-7 days before gudi padwa and festival day, with mixed cash and upi; customers use qr payments at neighbourhood merchants; new appliances and phones is relevant to the selected merchant segment."
Gudi Padwa,Ugadi-related New Year season; Marathi New Year; Samvatsar Padvo,Regional New Year festival,Spring / March-April,Usually 1 main day; date varies annually,Maharashtra; Goa; parts of Karnataka and nearby regions,Kolhapur,"Marathi New Year marked by auspicious beginnings, prosperity and household celebrations",Gudi hoisting; rangoli; traditional meals; family visits; new purchases,Bulk buying and family-oriented shopping increases,High,3-7 days before Gudi Padwa and festival day,fashion: Marathi traditional wear and sarees,gift delivery,jewellery store,premium shoppers,High UPI usage for small and medium tickets; cash remains relevant for local purchases,Free delivery above a threshold,Free add-on for orders paid digitally,Geo-target Kolhapur customers with festival-specific messaging for Marathi traditional wear and sarees; start before the peak window.,Prioritize Marathi traditional wear and sarees; maintain safety stock and faster replenishment during peak days.,"Cross-train staff for billing, packing and customer support",Increase last-mile capacity and packing material,Cash-handling and reconciliation issues during peak hours,Synthetic/example scenario: A jewellery store in Kolhapur sees rising Marathi traditional wear and sarees demand from premium shoppers customers.,Add temporary staff for peak hours and pre-book delivery capacity,0.84,"Synthetic example: Gudi Padwa demand in Kolhapur typically concentrates around 3-7 days before gudi padwa and festival day, with digital payments increase during peak hours; contactless/card usage for premium purchases; Marathi traditional wear and sarees is relevant to the selected merchant segment."
Gudi Padwa,Ugadi-related New Year season; Marathi New Year; Samvatsar Padvo,Regional New Year festival,Spring / March-April,Usually 1 main day; date varies annually,Maharashtra; Goa; parts of Karnataka and nearby regions,Thane,"Marathi New Year marked by auspicious beginnings, prosperity and household celebrations",Gudi hoisting; rangoli; traditional meals; family visits; new purchases,Bulk buying and family-oriented shopping increases,High,3-7 days before Gudi Padwa and festival day,grocery: puran poli ingredients and festive groceries,digital payments,travel operator,families,Digital payments increase during peak hours; contactless/card usage for premium purchases,5-10% category discount during peak week,Small instant discount for digital payment,Geo-target Thane customers with festival-specific messaging for puran poli ingredients and festive groceries; start before the peak window.,Prioritize puran poli ingredients and festive groceries; maintain safety stock and faster replenishment during peak days.,"Cross-train staff for billing, packing and customer support",Coordinate supplier replenishment before peak days,Cash-handling and reconciliation issues during peak hours,Synthetic/example scenario: A travel operator in Thane sees rising puran poli ingredients and festive groceries demand from families customers.,Offer a minimum-order free-delivery threshold and track hourly demand,0.93,"Synthetic example: Gudi Padwa demand in Thane typically concentrates around 3-7 days before gudi padwa and festival day, with high upi usage for small and medium tickets; cash remains relevant for local purchases; puran poli ingredients and festive groceries is relevant to the selected merchant segment."
Gudi Padwa,Ugadi-related New Year season; Marathi New Year; Samvatsar Padvo,Regional New Year festival,Spring / March-April,Usually 1 main day; date varies annually,Maharashtra; Goa; parts of Karnataka and nearby regions,Mumbai,"Marathi New Year marked by auspicious beginnings, prosperity and household celebrations",Gudi hoisting; rangoli; traditional meals; family visits; new purchases,Advance purchases rise before the main ritual day,High,3-7 days before Gudi Padwa and festival day,electronics: new appliances and phones,home delivery,neighbourhood retailer,young adults,Digital payments increase during peak hours; contactless/card usage for premium purchases,Free delivery above a threshold,Free add-on for orders paid digitally,Geo-target Mumbai customers with festival-specific messaging for new appliances and phones; start before the peak window.,Prioritize new appliances and phones; maintain safety stock and faster replenishment during peak days.,Add 1-2 sales/counter staff during peak hours,Pre-book local delivery slots and optimize routes,Cash-handling and reconciliation issues during peak hours,Synthetic/example scenario: A neighbourhood retailer in Mumbai sees rising new appliances and phones demand from young adults customers.,Add temporary staff for peak hours and pre-book delivery capacity,0.95,"Synthetic example: Gudi Padwa demand in Mumbai typically concentrates around 3-7 days before gudi padwa and festival day, with upi dominates quick purchases; cards used for higher-value orders; new appliances and phones is relevant to the selected merchant segment."
Gudi Padwa,Ugadi-related New Year season; Marathi New Year; Samvatsar Padvo,Regional New Year festival,Spring / March-April,Usually 1 main day; date varies annually,Maharashtra; Goa; parts of Karnataka and nearby regions,Nagpur,"Marathi New Year marked by auspicious beginnings, prosperity and household celebrations",Gudi hoisting; rangoli; traditional meals; family visits; new purchases,Bulk buying and family-oriented shopping increases,High,3-7 days before Gudi Padwa and festival day,grocery: puran poli ingredients and festive groceries,decor installation,restaurant,office-goers,Digital payments increase during peak hours; contactless/card usage for premium purchases,Buy-more-save-more on festive essentials,Higher loyalty points for UPI transactions,Geo-target Nagpur customers with festival-specific messaging for puran poli ingredients and festive groceries; start before the peak window.,Prioritize puran poli ingredients and festive groceries; maintain safety stock and faster replenishment during peak days.,Add 1-2 sales/counter staff during peak hours,Increase last-mile capacity and packing material,Price competition and promotion margin pressure,Synthetic/example scenario: A restaurant in Nagpur sees rising puran poli ingredients and festive groceries demand from office-goers customers.,Add temporary staff for peak hours and pre-book delivery capacity,0.91,"Synthetic example: Gudi Padwa demand in Nagpur typically concentrates around 3-7 days before gudi padwa and festival day, with mixed cash and upi; customers use qr payments at neighbourhood merchants; puran poli ingredients and festive groceries is relevant to the selected merchant segment."
Gudi Padwa,Ugadi-related New Year season; Marathi New Year; Samvatsar Padvo,Regional New Year festival,Spring / March-April,Usually 1 main day; date varies annually,Maharashtra; Goa; parts of Karnataka and nearby regions,Nashik,"Marathi New Year marked by auspicious beginnings, prosperity and household celebrations",Gudi hoisting; rangoli; traditional meals; family visits; new purchases,Peak-hour walk-ins and quick digital orders increase,High,3-7 days before Gudi Padwa and festival day,grocery: puran poli ingredients and festive groceries,decor installation,fashion retailer,tourists/travellers,Mixed cash and UPI; customers use QR payments at neighbourhood merchants,Buy-more-save-more on festive essentials,Free add-on for orders paid digitally,Geo-target Nashik customers with festival-specific messaging for puran poli ingredients and festive groceries; start before the peak window.,Prioritize puran poli ingredients and festive groceries; maintain safety stock and faster replenishment during peak days.,"Cross-train staff for billing, packing and customer support",Coordinate supplier replenishment before peak days,Demand spikes causing queueing and delivery delays,Synthetic/example scenario: A fashion retailer in Nashik sees rising puran poli ingredients and festive groceries demand from tourists/travellers customers.,Create a festival bundle around puran poli ingredients and festive groceries with a digital-payment incentive,0.84,"Synthetic example: Gudi Padwa demand in Nashik typically concentrates around 3-7 days before gudi padwa and festival day, with digital payments increase during peak hours; contactless/card usage for premium purchases; puran poli ingredients and festive groceries is relevant to the selected merchant segment."
Gudi Padwa,Ugadi-related New Year season; Marathi New Year; Samvatsar Padvo,Regional New Year festival,Spring / March-April,Usually 1 main day; date varies annually,Maharashtra; Goa; parts of Karnataka and nearby regions,Pune,"Marathi New Year marked by auspicious beginnings, prosperity and household celebrations",Gudi hoisting; rangoli; traditional meals; family visits; new purchases,Bulk buying and family-oriented shopping increases,High,3-7 days before Gudi Padwa and festival day,fashion: Marathi traditional wear and sarees,salon/beauty services,travel operator,premium shoppers,UPI dominates quick purchases; cards used for higher-value orders,Festival bundle discount with minimum order value,Higher loyalty points for UPI transactions,Geo-target Pune customers with festival-specific messaging for Marathi traditional wear and sarees; start before the peak window.,Prioritize Marathi traditional wear and sarees; maintain safety stock and faster replenishment during peak days.,"Cross-train staff for billing, packing and customer support",Coordinate supplier replenishment before peak days,Price competition and promotion margin pressure,Synthetic/example scenario: A travel operator in Pune sees rising Marathi traditional wear and sarees demand from premium shoppers customers.,Offer a minimum-order free-delivery threshold and track hourly demand,0.94,"Synthetic example: Gudi Padwa demand in Pune typically concentrates around 3-7 days before gudi padwa and festival day, with high upi usage for small and medium tickets; cash remains relevant for local purchases; Marathi traditional wear and sarees is relevant to the selected merchant segment."
Gudi Padwa,Ugadi-related New Year season; Marathi New Year; Samvatsar Padvo,Regional New Year festival,Spring / March-April,Usually 1 main day; date varies annually,Maharashtra; Goa; parts of Karnataka and nearby regions,Pune,"Marathi New Year marked by auspicious beginnings, prosperity and household celebrations",Gudi hoisting; rangoli; traditional meals; family visits; new purchases,Customers compare prices and respond to bundles,High,3-7 days before Gudi Padwa and festival day,home: gudi decor and rangoli items,gift delivery,home-services provider,families,High UPI usage for small and medium tickets; cash remains relevant for local purchases,Free delivery above a threshold,UPI cashback or merchant-funded QR incentive,Geo-target Pune customers with festival-specific messaging for gudi decor and rangoli items; start before the peak window.,Prioritize gudi decor and rangoli items; maintain safety stock and faster replenishment during peak days.,Add packing and delivery staff for peak order windows,Coordinate supplier replenishment before peak days,Demand spikes causing queueing and delivery delays,Synthetic/example scenario: A home-services provider in Pune sees rising gudi decor and rangoli items demand from families customers.,Create a festival bundle around gudi decor and rangoli items with a digital-payment incentive,0.94,"Synthetic example: Gudi Padwa demand in Pune typically concentrates around 3-7 days before gudi padwa and festival day, with upi dominates quick purchases; cards used for higher-value orders; gudi decor and rangoli items is relevant to the selected merchant segment."
Gudi Padwa,Ugadi-related New Year season; Marathi New Year; Samvatsar Padvo,Regional New Year festival,Spring / March-April,Usually 1 main day; date varies annually,Maharashtra; Goa; parts of Karnataka and nearby regions,Nashik,"Marathi New Year marked by auspicious beginnings, prosperity and household celebrations",Gudi hoisting; rangoli; traditional meals; family visits; new purchases,Customers compare prices and respond to bundles,High,3-7 days before Gudi Padwa and festival day,jewellery: gold and silver jewellery,digital payments,electronics retailer,tourists/travellers,Mixed cash and UPI; customers use QR payments at neighbourhood merchants,Free delivery above a threshold,Free add-on for orders paid digitally,Geo-target Nashik customers with festival-specific messaging for gold and silver jewellery; start before the peak window.,Prioritize gold and silver jewellery; maintain safety stock and faster replenishment during peak days.,Add 1-2 sales/counter staff during peak hours,Increase last-mile capacity and packing material,Price competition and promotion margin pressure,Synthetic/example scenario: A electronics retailer in Nashik sees rising gold and silver jewellery demand from tourists/travellers customers.,Increase gold and silver jewellery inventory by 20-35% and set a daily reorder threshold,0.91,"Synthetic example: Gudi Padwa demand in Nashik typically concentrates around 3-7 days before gudi padwa and festival day, with mixed cash and upi; customers use qr payments at neighbourhood merchants; gold and silver jewellery is relevant to the selected merchant segment."
Gudi Padwa,Ugadi-related New Year season; Marathi New Year; Samvatsar Padvo,Regional New Year festival,Spring / March-April,Usually 1 main day; date varies annually,Maharashtra; Goa; parts of Karnataka and nearby regions,Thane,"Marathi New Year marked by auspicious beginnings, prosperity and household celebrations",Gudi hoisting; rangoli; traditional meals; family visits; new purchases,Peak-hour walk-ins and quick digital orders increase,High,Early planning window; 10-15 days before festival,electronics: new appliances and phones,gift delivery,electronics retailer,local communities,High UPI usage for small and medium tickets; cash remains relevant for local purchases,5-10% category discount during peak week,Small instant discount for digital payment,Geo-target Thane customers with festival-specific messaging for new appliances and phones; start before the peak window.,Prioritize new appliances and phones; maintain safety stock and faster replenishment during peak days.,Add 1-2 sales/counter staff during peak hours,Coordinate supplier replenishment before peak days,Unsold seasonal inventory after the festival,Synthetic/example scenario: A electronics retailer in Thane sees rising new appliances and phones demand from local communities customers.,Increase new appliances and phones inventory by 20-35% and set a daily reorder threshold,0.83,"Synthetic example: Gudi Padwa demand in Thane typically concentrates around early planning window; 10-15 days before festival, with digital payments increase during peak hours; contactless/card usage for premium purchases; new appliances and phones is relevant to the selected merchant segment."
Gudi Padwa,Ugadi-related New Year season; Marathi New Year; Samvatsar Padvo,Regional New Year festival,Spring / March-April,Usually 1 main day; date varies annually,Maharashtra; Goa; parts of Karnataka and nearby regions,Kolhapur,"Marathi New Year marked by auspicious beginnings, prosperity and household celebrations",Gudi hoisting; rangoli; traditional meals; family visits; new purchases,Bulk buying and family-oriented shopping increases,Very High,3-7 days before Gudi Padwa and festival day,jewellery: gold and silver jewellery,salon/beauty services,sweet shop,budget-conscious shoppers,Digital payments increase during peak hours; contactless/card usage for premium purchases,5-10% category discount during peak week,Small instant discount for digital payment,Geo-target Kolhapur customers with festival-specific messaging for gold and silver jewellery; start before the peak window.,Prioritize gold and silver jewellery; maintain safety stock and faster replenishment during peak days.,"Cross-train staff for billing, packing and customer support",Pre-book local delivery slots and optimize routes,Cash-handling and reconciliation issues during peak hours,Synthetic/example scenario: A sweet shop in Kolhapur sees rising gold and silver jewellery demand from budget-conscious shoppers customers.,Increase gold and silver jewellery inventory by 20-35% and set a daily reorder threshold,0.94,"Synthetic example: Gudi Padwa demand in Kolhapur typically concentrates around 3-7 days before gudi padwa and festival day, with high upi usage for small and medium tickets; cash remains relevant for local purchases; gold and silver jewellery is relevant to the selected merchant segment."
Gudi Padwa,Ugadi-related New Year season; Marathi New Year; Samvatsar Padvo,Regional New Year festival,Spring / March-April,Usually 1 main day; date varies annually,Maharashtra; Goa; parts of Karnataka and nearby regions,Nashik,"Marathi New Year marked by auspicious beginnings, prosperity and household celebrations",Gudi hoisting; rangoli; traditional meals; family visits; new purchases,Peak-hour walk-ins and quick digital orders increase,High,3-7 days before Gudi Padwa and festival day,jewellery: gold and silver jewellery,home delivery,delivery merchant,budget-conscious shoppers,Mixed cash and UPI; customers use QR payments at neighbourhood merchants,5-10% category discount during peak week,Free add-on for orders paid digitally,Geo-target Nashik customers with festival-specific messaging for gold and silver jewellery; start before the peak window.,Prioritize gold and silver jewellery; maintain safety stock and faster replenishment during peak days.,Add packing and delivery staff for peak order windows,Coordinate supplier replenishment before peak days,Price competition and promotion margin pressure,Synthetic/example scenario: A delivery merchant in Nashik sees rising gold and silver jewellery demand from budget-conscious shoppers customers.,Use targeted local messaging in Nashik and promote gold and silver jewellery 5-7 days early,0.94,"Synthetic example: Gudi Padwa demand in Nashik typically concentrates around 3-7 days before gudi padwa and festival day, with upi dominates quick purchases; cards used for higher-value orders; gold and silver jewellery is relevant to the selected merchant segment."
Gudi Padwa,Ugadi-related New Year season; Marathi New Year; Samvatsar Padvo,Regional New Year festival,Spring / March-April,Usually 1 main day; date varies annually,Maharashtra; Goa; parts of Karnataka and nearby regions,Thane,"Marathi New Year marked by auspicious beginnings, prosperity and household celebrations",Gudi hoisting; rangoli; traditional meals; family visits; new purchases,Gift-oriented and convenience-driven purchases increase,High,3-7 days before Gudi Padwa and festival day,electronics: new appliances and phones,decor installation,jewellery store,young adults,Mixed cash and UPI; customers use QR payments at neighbourhood merchants,Buy-more-save-more on festive essentials,UPI cashback or merchant-funded QR incentive,Geo-target Thane customers with festival-specific messaging for new appliances and phones; start before the peak window.,Prioritize new appliances and phones; maintain safety stock and faster replenishment during peak days.,Add packing and delivery staff for peak order windows,Pre-book local delivery slots and optimize routes,Cash-handling and reconciliation issues during peak hours,Synthetic/example scenario: A jewellery store in Thane sees rising new appliances and phones demand from young adults customers.,Add temporary staff for peak hours and pre-book delivery capacity,0.89,"Synthetic example: Gudi Padwa demand in Thane typically concentrates around 3-7 days before gudi padwa and festival day, with mixed cash and upi; customers use qr payments at neighbourhood merchants; new appliances and phones is relevant to the selected merchant segment."
Gudi Padwa,Ugadi-related New Year season; Marathi New Year; Samvatsar Padvo,Regional New Year festival,Spring / March-April,Usually 1 main day; date varies annually,Maharashtra; Goa; parts of Karnataka and nearby regions,Nashik,"Marathi New Year marked by auspicious beginnings, prosperity and household celebrations",Gudi hoisting; rangoli; traditional meals; family visits; new purchases,Customers compare prices and respond to bundles,High,3-7 days before Gudi Padwa and festival day,grocery: puran poli ingredients and festive groceries,home delivery,electronics retailer,budget-conscious shoppers,High UPI usage for small and medium tickets; cash remains relevant for local purchases,Loyalty points or wallet cashback on repeat purchases,Free add-on for orders paid digitally,Geo-target Nashik customers with festival-specific messaging for puran poli ingredients and festive groceries; start before the peak window.,Prioritize puran poli ingredients and festive groceries; maintain safety stock and faster replenishment during peak days.,"Cross-train staff for billing, packing and customer support",Increase last-mile capacity and packing material,Unsold seasonal inventory after the festival,Synthetic/example scenario: A electronics retailer in Nashik sees rising puran poli ingredients and festive groceries demand from budget-conscious shoppers customers.,Create a festival bundle around puran poli ingredients and festive groceries with a digital-payment incentive,0.81,"Synthetic example: Gudi Padwa demand in Nashik typically concentrates around 3-7 days before gudi padwa and festival day, with digital payments increase during peak hours; contactless/card usage for premium purchases; puran poli ingredients and festive groceries is relevant to the selected merchant segment."
Gudi Padwa,Ugadi-related New Year season; Marathi New Year; Samvatsar Padvo,Regional New Year festival,Spring / March-April,Usually 1 main day; date varies annually,Maharashtra; Goa; parts of Karnataka and nearby regions,Pune,"Marathi New Year marked by auspicious beginnings, prosperity and household celebrations",Gudi hoisting; rangoli; traditional meals; family visits; new purchases,Bulk buying and family-oriented shopping increases,High,3-7 days before Gudi Padwa and festival day,sweets: shrikhand and festive sweets,home delivery,grocery store,tourists/travellers,UPI dominates quick purchases; cards used for higher-value orders,Buy-more-save-more on festive essentials,Small instant discount for digital payment,Geo-target Pune customers with festival-specific messaging for shrikhand and festive sweets; start before the peak window.,Prioritize shrikhand and festive sweets; maintain safety stock and faster replenishment during peak days.,"Cross-train staff for billing, packing and customer support",Coordinate supplier replenishment before peak days,Unsold seasonal inventory after the festival,Synthetic/example scenario: A grocery store in Pune sees rising shrikhand and festive sweets demand from tourists/travellers customers.,Use targeted local messaging in Pune and promote shrikhand and festive sweets 5-7 days early,0.86,"Synthetic example: Gudi Padwa demand in Pune typically concentrates around 3-7 days before gudi padwa and festival day, with high upi usage for small and medium tickets; cash remains relevant for local purchases; shrikhand and festive sweets is relevant to the selected merchant segment."
Gudi Padwa,Ugadi-related New Year season; Marathi New Year; Samvatsar Padvo,Regional New Year festival,Spring / March-April,Usually 1 main day; date varies annually,Maharashtra; Goa; parts of Karnataka and nearby regions,Nagpur,"Marathi New Year marked by auspicious beginnings, prosperity and household celebrations",Gudi hoisting; rangoli; traditional meals; family visits; new purchases,Peak-hour walk-ins and quick digital orders increase,High,3-7 days before Gudi Padwa and festival day,sweets: shrikhand and festive sweets,gift delivery,electronics retailer,budget-conscious shoppers,UPI dominates quick purchases; cards used for higher-value orders,Buy-more-save-more on festive essentials,Small instant discount for digital payment,Geo-target Nagpur customers with festival-specific messaging for shrikhand and festive sweets; start before the peak window.,Prioritize shrikhand and festive sweets; maintain safety stock and faster replenishment during peak days.,"Cross-train staff for billing, packing and customer support",Increase last-mile capacity and packing material,Cash-handling and reconciliation issues during peak hours,Synthetic/example scenario: A electronics retailer in Nagpur sees rising shrikhand and festive sweets demand from budget-conscious shoppers customers.,Create a festival bundle around shrikhand and festive sweets with a digital-payment incentive,0.84,"Synthetic example: Gudi Padwa demand in Nagpur typically concentrates around 3-7 days before gudi padwa and festival day, with upi dominates quick purchases; cards used for higher-value orders; shrikhand and festive sweets is relevant to the selected merchant segment."
Gudi Padwa,Ugadi-related New Year season; Marathi New Year; Samvatsar Padvo,Regional New Year festival,Spring / March-April,Usually 1 main day; date varies annually,Maharashtra; Goa; parts of Karnataka and nearby regions,Mumbai,"Marathi New Year marked by auspicious beginnings, prosperity and household celebrations",Gudi hoisting; rangoli; traditional meals; family visits; new purchases,Advance purchases rise before the main ritual day,High,3-7 days before Gudi Padwa and festival day,sweets: shrikhand and festive sweets,gift delivery,sweet shop,local communities,Mixed cash and UPI; customers use QR payments at neighbourhood merchants,Buy-more-save-more on festive essentials,Higher loyalty points for UPI transactions,Geo-target Mumbai customers with festival-specific messaging for shrikhand and festive sweets; start before the peak window.,Prioritize shrikhand and festive sweets; maintain safety stock and faster replenishment during peak days.,Add packing and delivery staff for peak order windows,Pre-book local delivery slots and optimize routes,Unsold seasonal inventory after the festival,Synthetic/example scenario: A sweet shop in Mumbai sees rising shrikhand and festive sweets demand from local communities customers.,Use targeted local messaging in Mumbai and promote shrikhand and festive sweets 5-7 days early,0.93,"Synthetic example: Gudi Padwa demand in Mumbai typically concentrates around 3-7 days before gudi padwa and festival day, with mixed cash and upi; customers use qr payments at neighbourhood merchants; shrikhand and festive sweets is relevant to the selected merchant segment."
Gudi Padwa,Ugadi-related New Year season; Marathi New Year; Samvatsar Padvo,Regional New Year festival,Spring / March-April,Usually 1 main day; date varies annually,Maharashtra; Goa; parts of Karnataka and nearby regions,Mumbai,"Marathi New Year marked by auspicious beginnings, prosperity and household celebrations",Gudi hoisting; rangoli; traditional meals; family visits; new purchases,Peak-hour walk-ins and quick digital orders increase,High,3-7 days before Gudi Padwa and festival day,home: gudi decor and rangoli items,salon/beauty services,delivery merchant,young adults,Mixed cash and UPI; customers use QR payments at neighbourhood merchants,Free delivery above a threshold,UPI cashback or merchant-funded QR incentive,Geo-target Mumbai customers with festival-specific messaging for gudi decor and rangoli items; start before the peak window.,Prioritize gudi decor and rangoli items; maintain safety stock and faster replenishment during peak days.,Add 1-2 sales/counter staff during peak hours,Pre-book local delivery slots and optimize routes,Demand spikes causing queueing and delivery delays,Synthetic/example scenario: A delivery merchant in Mumbai sees rising gudi decor and rangoli items demand from young adults customers.,Offer a minimum-order free-delivery threshold and track hourly demand,0.8,"Synthetic example: Gudi Padwa demand in Mumbai typically concentrates around 3-7 days before gudi padwa and festival day, with digital payments increase during peak hours; contactless/card usage for premium purchases; gudi decor and rangoli items is relevant to the selected merchant segment."
Gudi Padwa,Ugadi-related New Year season; Marathi New Year; Samvatsar Padvo,Regional New Year festival,Spring / March-April,Usually 1 main day; date varies annually,Maharashtra; Goa; parts of Karnataka and nearby regions,Nashik,"Marathi New Year marked by auspicious beginnings, prosperity and household celebrations",Gudi hoisting; rangoli; traditional meals; family visits; new purchases,Peak-hour walk-ins and quick digital orders increase,High,3-7 days before Gudi Padwa and festival day,jewellery: gold and silver jewellery,gift delivery,jewellery store,tourists/travellers,Mixed cash and UPI; customers use QR payments at neighbourhood merchants,5-10% category discount during peak week,Higher loyalty points for UPI transactions,Geo-target Nashik customers with festival-specific messaging for gold and silver jewellery; start before the peak window.,Prioritize gold and silver jewellery; maintain safety stock and faster replenishment during peak days.,"Cross-train staff for billing, packing and customer support",Pre-book local delivery slots and optimize routes,Unsold seasonal inventory after the festival,Synthetic/example scenario: A jewellery store in Nashik sees rising gold and silver jewellery demand from tourists/travellers customers.,Create a festival bundle around gold and silver jewellery with a digital-payment incentive,0.93,"Synthetic example: Gudi Padwa demand in Nashik typically concentrates around 3-7 days before gudi padwa and festival day, with high upi usage for small and medium tickets; cash remains relevant for local purchases; gold and silver jewellery is relevant to the selected merchant segment."
Gudi Padwa,Ugadi-related New Year season; Marathi New Year; Samvatsar Padvo,Regional New Year festival,Spring / March-April,Usually 1 main day; date varies annually,Maharashtra; Goa; parts of Karnataka and nearby regions,Nagpur,"Marathi New Year marked by auspicious beginnings, prosperity and household celebrations",Gudi hoisting; rangoli; traditional meals; family visits; new purchases,Bulk buying and family-oriented shopping increases,High,3-7 days before Gudi Padwa and festival day,fashion: Marathi traditional wear and sarees,gift delivery,fashion retailer,premium shoppers,UPI dominates quick purchases; cards used for higher-value orders,Loyalty points or wallet cashback on repeat purchases,Free add-on for orders paid digitally,Geo-target Nagpur customers with festival-specific messaging for Marathi traditional wear and sarees; start before the peak window.,Prioritize Marathi traditional wear and sarees; maintain safety stock and faster replenishment during peak days.,"Cross-train staff for billing, packing and customer support",Increase last-mile capacity and packing material,Cash-handling and reconciliation issues during peak hours,Synthetic/example scenario: A fashion retailer in Nagpur sees rising Marathi traditional wear and sarees demand from premium shoppers customers.,Create a festival bundle around Marathi traditional wear and sarees with a digital-payment incentive,0.87,"Synthetic example: Gudi Padwa demand in Nagpur typically concentrates around 3-7 days before gudi padwa and festival day, with upi dominates quick purchases; cards used for higher-value orders; Marathi traditional wear and sarees is relevant to the selected merchant segment."
Gudi Padwa,Ugadi-related New Year season; Marathi New Year; Samvatsar Padvo,Regional New Year festival,Spring / March-April,Usually 1 main day; date varies annually,Maharashtra; Goa; parts of Karnataka and nearby regions,Nagpur,"Marathi New Year marked by auspicious beginnings, prosperity and household celebrations",Gudi hoisting; rangoli; traditional meals; family visits; new purchases,Advance purchases rise before the main ritual day,Very High,3-7 days before Gudi Padwa and festival day,home: gudi decor and rangoli items,decor installation,travel operator,office-goers,High UPI usage for small and medium tickets; cash remains relevant for local purchases,Buy-more-save-more on festive essentials,Small instant discount for digital payment,Geo-target Nagpur customers with festival-specific messaging for gudi decor and rangoli items; start before the peak window.,Prioritize gudi decor and rangoli items; maintain safety stock and faster replenishment during peak days.,Add 1-2 sales/counter staff during peak hours,Coordinate supplier replenishment before peak days,Stockouts on fast-moving SKUs and late replenishment,Synthetic/example scenario: A travel operator in Nagpur sees rising gudi decor and rangoli items demand from office-goers customers.,Offer a minimum-order free-delivery threshold and track hourly demand,0.82,"Synthetic example: Gudi Padwa demand in Nagpur typically concentrates around 3-7 days before gudi padwa and festival day, with mixed cash and upi; customers use qr payments at neighbourhood merchants; gudi decor and rangoli items is relevant to the selected merchant segment."
Gudi Padwa,Ugadi-related New Year season; Marathi New Year; Samvatsar Padvo,Regional New Year festival,Spring / March-April,Usually 1 main day; date varies annually,Maharashtra; Goa; parts of Karnataka and nearby regions,Kolhapur,"Marathi New Year marked by auspicious beginnings, prosperity and household celebrations",Gudi hoisting; rangoli; traditional meals; family visits; new purchases,Gift-oriented and convenience-driven purchases increase,High,3-7 days before Gudi Padwa and festival day,fashion: Marathi traditional wear and sarees,home delivery,sweet shop,premium shoppers,Mixed cash and UPI; customers use QR payments at neighbourhood merchants,5-10% category discount during peak week,UPI cashback or merchant-funded QR incentive,Geo-target Kolhapur customers with festival-specific messaging for Marathi traditional wear and sarees; start before the peak window.,Prioritize Marathi traditional wear and sarees; maintain safety stock and faster replenishment during peak days.,Add 1-2 sales/counter staff during peak hours,Increase last-mile capacity and packing material,Unsold seasonal inventory after the festival,Synthetic/example scenario: A sweet shop in Kolhapur sees rising Marathi traditional wear and sarees demand from premium shoppers customers.,Create a festival bundle around Marathi traditional wear and sarees with a digital-payment incentive,0.8,"Synthetic example: Gudi Padwa demand in Kolhapur typically concentrates around 3-7 days before gudi padwa and festival day, with digital payments increase during peak hours; contactless/card usage for premium purchases; Marathi traditional wear and sarees is relevant to the selected merchant segment."
Gudi Padwa,Ugadi-related New Year season; Marathi New Year; Samvatsar Padvo,Regional New Year festival,Spring / March-April,Usually 1 main day; date varies annually,Maharashtra; Goa; parts of Karnataka and nearby regions,Nagpur,"Marathi New Year marked by auspicious beginnings, prosperity and household celebrations",Gudi hoisting; rangoli; traditional meals; family visits; new purchases,Peak-hour walk-ins and quick digital orders increase,High,Early planning window; 10-15 days before festival,grocery: puran poli ingredients and festive groceries,salon/beauty services,home-services provider,local communities,Mixed cash and UPI; customers use QR payments at neighbourhood merchants,5-10% category discount during peak week,Small instant discount for digital payment,Geo-target Nagpur customers with festival-specific messaging for puran poli ingredients and festive groceries; start before the peak window.,Prioritize puran poli ingredients and festive groceries; maintain safety stock and faster replenishment during peak days.,Add packing and delivery staff for peak order windows,Pre-book local delivery slots and optimize routes,Demand spikes causing queueing and delivery delays,Synthetic/example scenario: A home-services provider in Nagpur sees rising puran poli ingredients and festive groceries demand from local communities customers.,Add temporary staff for peak hours and pre-book delivery capacity,0.97,"Synthetic example: Gudi Padwa demand in Nagpur typically concentrates around early planning window; 10-15 days before festival, with high upi usage for small and medium tickets; cash remains relevant for local purchases; puran poli ingredients and festive groceries is relevant to the selected merchant segment."
Gudi Padwa,Ugadi-related New Year season; Marathi New Year; Samvatsar Padvo,Regional New Year festival,Spring / March-April,Usually 1 main day; date varies annually,Maharashtra; Goa; parts of Karnataka and nearby regions,Pune,"Marathi New Year marked by auspicious beginnings, prosperity and household celebrations",Gudi hoisting; rangoli; traditional meals; family visits; new purchases,Advance purchases rise before the main ritual day,High,3-7 days before Gudi Padwa and festival day,jewellery: gold and silver jewellery,decor installation,restaurant,premium shoppers,High UPI usage for small and medium tickets; cash remains relevant for local purchases,Free delivery above a threshold,Higher loyalty points for UPI transactions,Geo-target Pune customers with festival-specific messaging for gold and silver jewellery; start before the peak window.,Prioritize gold and silver jewellery; maintain safety stock and faster replenishment during peak days.,"Cross-train staff for billing, packing and customer support",Coordinate supplier replenishment before peak days,Cash-handling and reconciliation issues during peak hours,Synthetic/example scenario: A restaurant in Pune sees rising gold and silver jewellery demand from premium shoppers customers.,Offer a minimum-order free-delivery threshold and track hourly demand,0.81,"Synthetic example: Gudi Padwa demand in Pune typically concentrates around 3-7 days before gudi padwa and festival day, with upi dominates quick purchases; cards used for higher-value orders; gold and silver jewellery is relevant to the selected merchant segment."
Gudi Padwa,Ugadi-related New Year season; Marathi New Year; Samvatsar Padvo,Regional New Year festival,Spring / March-April,Usually 1 main day; date varies annually,Maharashtra; Goa; parts of Karnataka and nearby regions,Thane,"Marathi New Year marked by auspicious beginnings, prosperity and household celebrations",Gudi hoisting; rangoli; traditional meals; family visits; new purchases,Peak-hour walk-ins and quick digital orders increase,High,3-7 days before Gudi Padwa and festival day,fashion: Marathi traditional wear and sarees,decor installation,grocery store,young adults,High UPI usage for small and medium tickets; cash remains relevant for local purchases,Loyalty points or wallet cashback on repeat purchases,Higher loyalty points for UPI transactions,Geo-target Thane customers with festival-specific messaging for Marathi traditional wear and sarees; start before the peak window.,Prioritize Marathi traditional wear and sarees; maintain safety stock and faster replenishment during peak days.,Add packing and delivery staff for peak order windows,Coordinate supplier replenishment before peak days,Stockouts on fast-moving SKUs and late replenishment,Synthetic/example scenario: A grocery store in Thane sees rising Marathi traditional wear and sarees demand from young adults customers.,Increase Marathi traditional wear and sarees inventory by 20-35% and set a daily reorder threshold,0.86,"Synthetic example: Gudi Padwa demand in Thane typically concentrates around 3-7 days before gudi padwa and festival day, with mixed cash and upi; customers use qr payments at neighbourhood merchants; Marathi traditional wear and sarees is relevant to the selected merchant segment."
Gudi Padwa,Ugadi-related New Year season; Marathi New Year; Samvatsar Padvo,Regional New Year festival,Spring / March-April,Usually 1 main day; date varies annually,Maharashtra; Goa; parts of Karnataka and nearby regions,Pune,"Marathi New Year marked by auspicious beginnings, prosperity and household celebrations",Gudi hoisting; rangoli; traditional meals; family visits; new purchases,Gift-oriented and convenience-driven purchases increase,High,3-7 days before Gudi Padwa and festival day,jewellery: gold and silver jewellery,salon/beauty services,grocery store,budget-conscious shoppers,UPI dominates quick purchases; cards used for higher-value orders,Free delivery above a threshold,UPI cashback or merchant-funded QR incentive,Geo-target Pune customers with festival-specific messaging for gold and silver jewellery; start before the peak window.,Prioritize gold and silver jewellery; maintain safety stock and faster replenishment during peak days.,"Cross-train staff for billing, packing and customer support",Coordinate supplier replenishment before peak days,Stockouts on fast-moving SKUs and late replenishment,Synthetic/example scenario: A grocery store in Pune sees rising gold and silver jewellery demand from budget-conscious shoppers customers.,Offer a minimum-order free-delivery threshold and track hourly demand,0.83,"Synthetic example: Gudi Padwa demand in Pune typically concentrates around 3-7 days before gudi padwa and festival day, with digital payments increase during peak hours; contactless/card usage for premium purchases; gold and silver jewellery is relevant to the selected merchant segment."
Gudi Padwa,Ugadi-related New Year season; Marathi New Year; Samvatsar Padvo,Regional New Year festival,Spring / March-April,Usually 1 main day; date varies annually,Maharashtra; Goa; parts of Karnataka and nearby regions,Mumbai,"Marathi New Year marked by auspicious beginnings, prosperity and household celebrations",Gudi hoisting; rangoli; traditional meals; family visits; new purchases,Advance purchases rise before the main ritual day,High,3-7 days before Gudi Padwa and festival day,electronics: new appliances and phones,decor installation,fashion retailer,young adults,UPI dominates quick purchases; cards used for higher-value orders,Buy-more-save-more on festive essentials,Free add-on for orders paid digitally,Geo-target Mumbai customers with festival-specific messaging for new appliances and phones; start before the peak window.,Prioritize new appliances and phones; maintain safety stock and faster replenishment during peak days.,Add packing and delivery staff for peak order windows,Pre-book local delivery slots and optimize routes,Price competition and promotion margin pressure,Synthetic/example scenario: A fashion retailer in Mumbai sees rising new appliances and phones demand from young adults customers.,Create a festival bundle around new appliances and phones with a digital-payment incentive,0.9,"Synthetic example: Gudi Padwa demand in Mumbai typically concentrates around 3-7 days before gudi padwa and festival day, with high upi usage for small and medium tickets; cash remains relevant for local purchases; new appliances and phones is relevant to the selected merchant segment."
Gudi Padwa,Ugadi-related New Year season; Marathi New Year; Samvatsar Padvo,Regional New Year festival,Spring / March-April,Usually 1 main day; date varies annually,Maharashtra; Goa; parts of Karnataka and nearby regions,Thane,"Marathi New Year marked by auspicious beginnings, prosperity and household celebrations",Gudi hoisting; rangoli; traditional meals; family visits; new purchases,Bulk buying and family-oriented shopping increases,High,3-7 days before Gudi Padwa and festival day,fashion: Marathi traditional wear and sarees,salon/beauty services,travel operator,premium shoppers,High UPI usage for small and medium tickets; cash remains relevant for local purchases,Loyalty points or wallet cashback on repeat purchases,Free add-on for orders paid digitally,Geo-target Thane customers with festival-specific messaging for Marathi traditional wear and sarees; start before the peak window.,Prioritize Marathi traditional wear and sarees; maintain safety stock and faster replenishment during peak days.,Add 1-2 sales/counter staff during peak hours,Pre-book local delivery slots and optimize routes,Unsold seasonal inventory after the festival,Synthetic/example scenario: A travel operator in Thane sees rising Marathi traditional wear and sarees demand from premium shoppers customers.,Create a festival bundle around Marathi traditional wear and sarees with a digital-payment incentive,0.78,"Synthetic example: Gudi Padwa demand in Thane typically concentrates around 3-7 days before gudi padwa and festival day, with upi dominates quick purchases; cards used for higher-value orders; Marathi traditional wear and sarees is relevant to the selected merchant segment."
Gudi Padwa,Ugadi-related New Year season; Marathi New Year; Samvatsar Padvo,Regional New Year festival,Spring / March-April,Usually 1 main day; date varies annually,Maharashtra; Goa; parts of Karnataka and nearby regions,Mumbai,"Marathi New Year marked by auspicious beginnings, prosperity and household celebrations",Gudi hoisting; rangoli; traditional meals; family visits; new purchases,Bulk buying and family-oriented shopping increases,High,3-7 days before Gudi Padwa and festival day,electronics: new appliances and phones,gift delivery,neighbourhood retailer,budget-conscious shoppers,High UPI usage for small and medium tickets; cash remains relevant for local purchases,5-10% category discount during peak week,UPI cashback or merchant-funded QR incentive,Geo-target Mumbai customers with festival-specific messaging for new appliances and phones; start before the peak window.,Prioritize new appliances and phones; maintain safety stock and faster replenishment during peak days.,Add packing and delivery staff for peak order windows,Increase last-mile capacity and packing material,Price competition and promotion margin pressure,Synthetic/example scenario: A neighbourhood retailer in Mumbai sees rising new appliances and phones demand from budget-conscious shoppers customers.,Add temporary staff for peak hours and pre-book delivery capacity,0.83,"Synthetic example: Gudi Padwa demand in Mumbai typically concentrates around 3-7 days before gudi padwa and festival day, with mixed cash and upi; customers use qr payments at neighbourhood merchants; new appliances and phones is relevant to the selected merchant segment."
Gudi Padwa,Ugadi-related New Year season; Marathi New Year; Samvatsar Padvo,Regional New Year festival,Spring / March-April,Usually 1 main day; date varies annually,Maharashtra; Goa; parts of Karnataka and nearby regions,Nashik,"Marathi New Year marked by auspicious beginnings, prosperity and household celebrations",Gudi hoisting; rangoli; traditional meals; family visits; new purchases,Customers compare prices and respond to bundles,High,3-7 days before Gudi Padwa and festival day,sweets: shrikhand and festive sweets,decor installation,jewellery store,young adults,Mixed cash and UPI; customers use QR payments at neighbourhood merchants,Buy-more-save-more on festive essentials,Free add-on for orders paid digitally,Geo-target Nashik customers with festival-specific messaging for shrikhand and festive sweets; start before the peak window.,Prioritize shrikhand and festive sweets; maintain safety stock and faster replenishment during peak days.,"Cross-train staff for billing, packing and customer support",Increase last-mile capacity and packing material,Stockouts on fast-moving SKUs and late replenishment,Synthetic/example scenario: A jewellery store in Nashik sees rising shrikhand and festive sweets demand from young adults customers.,Increase shrikhand and festive sweets inventory by 20-35% and set a daily reorder threshold,0.94,"Synthetic example: Gudi Padwa demand in Nashik typically concentrates around 3-7 days before gudi padwa and festival day, with digital payments increase during peak hours; contactless/card usage for premium purchases; shrikhand and festive sweets is relevant to the selected merchant segment."
